:020000040800F2
:1000000000000220D1250008E9220008EB220008A8
:10001000ED220008EF220008F12200080000000095
:100020000000000000000000000000001172000845
:10003000F322000800000000B172000815730008E8
:100040002126000821260008212600082126000874
:100050002126000821260008212600082126000864
:100060002126000821260008212600082126000854
:10007000F522000821260008212600082126000874
:100080002126000821260008212600082126000834
:100090000523000821260008212600082126000843
:1000A0002126000821260008212600082126000814
:1000B0002126000821260008212600082126000804
:1000C00021260008212600082126000821260008F4
:1000D00021260008212600082126000815230008F3
:1000E00021260008212600082126000821260008D4
:1000F00021260008252300082126000821260008C3
:1001000021260008212600082126000821260008B3
:1001100021260008212600082126000821260008A3
:100120002126000835230008212600082126000882
:100130002126000821260008212600082126000883
:100140002126000845230008212600085523000821
:100150002126000821260008212600086523000822
:100160002126000821260008212600082126000853
:100170002126000821260008212600080000000092
:080180002126000821260008D9
:1001900010B5054C237833B9044B13B10448AFF3C1
:1001A00000800123237010BD200700200000000004
:1001B000B8B9000808B5034B1BB103490348AFF3B6
:1001C000008008BD0000000024070020B8B9000826
:1001D00081F0004102E000BF83F0004330B54FEAF8
:1001E00041044FEA430594EA050F08BF90EA020F65
:1001F0001FBF54EA000C55EA020C7FEA645C7FEAF8
:10020000655C00F0E2804FEA5454D4EB5555B8BF1A
:100210006D420CDD2C4480EA020281EA030382EA8B
:10022000000083EA010180EA020281EA0303362D1D
:1002300088BF30BD11F0004F4FEA01314FF4801CF0
:100240004CEA113102D0404261EB410113F0004F02
:100250004FEA03334CEA133302D0524263EB4303B9
:1002600094EA050F00F0A780A4F10104D5F1200E57
:100270000DDB02FA0EFC22FA05F2801841F10001B2
:1002800003FA0EF2801843FA05F359410EE0A5F186
:1002900020050EF1200E012A03FA0EFC28BF4CF0B7
:1002A000020C43FA05F3C01851EBE37101F000456D
:1002B00007D54FF0000EDCF1000C7EEB00006EEB7A
:1002C0000101B1F5801F1BD3B1F5001F0CD3490804
:1002D0005FEA30004FEA3C0C04F101044FEA44525B
:1002E00012F5800F80F09A80BCF1004F08BF5FEAE2
:1002F000500C50F1000041EB045141EA050130BDC2
:100300005FEA4C0C404141EB0101013C28BFB1F5D3
:10031000801FE9D291F0000F04BF01460020B1FA1E
:1003200081F308BF2033A3F10B03B3F120020CDAF1
:100330000C3208DD02F1140CC2F10C0201FA0CF0CF
:1003400021FA02F10CE002F11402D8BFC2F1200C34
:1003500001FA02F120FA0CFCDCBF41EA0C019040EA
:10036000E41AA2BF01EB0451294330BD6FEA040433
:100370001F3C1CDA0C340EDC04F11404C4F120021E
:1003800020FA04F001FA02F340EA030021FA04F330
:1003900045EA030130BDC4F10C04C4F1200220FA87
:1003A00002F001FA04F340EA0300294630BD21FAC5
:1003B00004F0294630BD94F0000F83F4801306BF8B
:1003C00081F480110134013D4EE77FEA645C18BF7F
:1003D0007FEA655C29D094EA050F08BF90EA020F16
:1003E00005D054EA000C04BF1946104630BD91EA0E
:1003F000030F1EBF0021002030BD5FEA545C05D111
:100400004000494128BF41F0004130BD14F580044F
:100410003CBF01F5801130BD01F0004545F0FE41C3
:1004200041F470014FF0000030BD7FEA645C1ABFF8
:10043000194610467FEA655C1CBF0B46024650EA2F
:10044000013406BF52EA033591EA030F41F400215B
:1004500030BD00BF90F0000F04BF0021704730B5E1
:100460004FF4806404F132044FF000054FF00001B6
:1004700050E700BF90F0000F04BF0021704730B577
:100480004FF4806404F1320410F0004548BF40424C
:100490004FF000013EE700BF42004FEAE2014FEAA1
:1004A00031014FEA02701FBF12F07F4393F07F4F7C
:1004B00081F06051704732F07F4208BF704793F07F
:1004C0007F4F04BF41F40021704730B54FF4607492
:1004D00001F0004521F000411CE700BF50EA010295
:1004E00008BF704730B54FF000050AE050EA01023E
:1004F00008BF704730B511F0004502D5404261EBAE
:1005000041014FF4806404F132045FEA915C3FF4EE
:10051000D8AE4FF003025FEADC0C18BF03325FEA8B
:10052000DC0C18BF033202EBDC02C2F1200300FA3C
:1005300003FC20FA02F001FA03FE40EA0E0021FA61
:1005400002F11444BDE600BF70B54FF0FF0C4CF44F
:10055000E06C1CEA11541DBF1CEA135594EA0C0F01
:1005600095EA0C0F00F0DEF82C4481EA030621EA3C
:100570004C5123EA4C5350EA013518BF52EA033577
:1005800041F4801143F4801338D0A0FB02CE4FF029
:100590000005E1FB02E506F00042E0FB03E54FF059
:1005A0000006E1FB03569CF0000F18BF4EF0010E51
:1005B000A4F1FF04B6F5007F64F5407404D25FEA4D
:1005C0004E0E6D4146EB060642EAC62141EA555100
:1005D0004FEAC52040EA5E504FEACE2EB4F1FD0C42
:1005E00088BFBCF5E06F1ED8BEF1004F08BF5FEAC0
:1005F000500E50F1000041EB045170BD06F0004672
:1006000046EA010140EA020081EA0301B4EB5C041E
:10061000C2BFD4EB0C0541EA045170BD41F4801116
:100620004FF0000E013C00F3AB8014F1360FDEBF3B
:10063000002001F0004170BDC4F10004203C35DA17
:100640000C341BDC04F11404C4F1200500FA05F39A
:1006500020FA04F001FA05F240EA020001F000423B
:1006600021F0004110EBD37021FA04F642EB0601B1
:100670005EEA430E08BF20EAD37070BDC4F10C04DB
:10068000C4F1200500FA04F320FA05F001FA04F29F
:1006900040EA020001F0004110EBD37041F100018B
:1006A0005EEA430E08BF20EAD37070BDC4F1200596
:1006B00000FA05F24EEA020E20FA04F301FA05F2FE
:1006C00043EA020321FA04F001F0004121FA04F2A6
:1006D00020EA020000EBD3705EEA430E08BF20EA76
:1006E000D37070BD94F0000F0FD101F000464000B0
:1006F00041EB010111F4801F08BF013CF7D041EA32
:10070000060195F0000F18BF704703F00046520035
:1007100043EB030313F4801F08BF013DF7D043EA06
:100720000603704794EA0C0F0CEA135518BF95EABC
:100730000C0F0CD050EA410618BF52EA4306D1D143
:1007400081EA030101F000414FF0000070BD50EA62
:10075000410606BF1046194652EA430619D094EAEC
:100760000C0F02D150EA013613D195EA0C0F05D1D6
:1007700052EA03361CBF104619460AD181EA03012A
:1007800001F0004141F0FE4141F470014FF00000E2
:1007900070BD41F0FE4141F4780170BD70B54FF07D
:1007A000FF0C4CF4E06C1CEA11541DBF1CEA1355FD
:1007B00094EA0C0F95EA0C0F00F0A7F8A4EB0504DF
:1007C00081EA030E52EA03354FEA013100F08880D6
:1007D0004FEA03334FF0805545EA131343EA12639F
:1007E0004FEA022245EA111545EA10654FEA002654
:1007F0000EF000419D4208BF964244F1FD0404F50D
:10080000407402D25B084FEA3202B61A65EB030568
:100810005B084FEA32024FF480104FF4002CB6EB25
:10082000020E75EB030E22BFB61A754640EA0C00A5
:100830005B084FEA3202B6EB020E75EB030E22BFE5
:10084000B61A754640EA5C005B084FEA3202B6EB26
:10085000020E75EB030E22BFB61A754640EA9C00E5
:100860005B084FEA3202B6EB020E75EB030E22BFB5
:10087000B61A754640EADC0055EA060E18D04FEA73
:10088000051545EA16754FEA06164FEAC30343EA13
:1008900052734FEAC2025FEA1C1CC0D111F4801FE0
:1008A0000BD141EA00014FF000004FF0004CB6E7D9
:1008B00011F4801F04BF01430020B4F1FD0C88BF78
:1008C000BCF5E06F3FF6AFAEB5EB030C04BFB6EB83
:1008D000020C5FEA500C50F1000041EB045170BD76
:1008E0000EF0004E4EEA113114EB5C04C2BFD4EBA3
:1008F0000C0541EA045170BD41F480114FF0000E27
:10090000013C90E645EA060E8DE60CEA135594EAA2
:100910000C0F08BF95EA0C0F3FF43BAF94EA0C0FA5
:100920000AD150EA01347FF434AF95EA0C0F7FF41A
:1009300025AF104619462CE795EA0C0F06D152EA6E
:1009400003353FF4FDAE1046194622E750EA410652
:1009500018BF52EA43067FF4C5AE50EA41047FF463
:100960000DAF52EA43057FF4EBAE12E74FF0FF3CC8
:1009700006E000BF4FF0010C02E000BF4FF0010C99
:100980004DF804CD4FEA410C7FEA6C5C4FEA430C12
:1009900018BF7FEA6C5C1BD001B050EA410C0CBF61
:1009A00052EA430C91EA030F02BF90EA020F0020C3
:1009B000704710F1000F91EA030F58BF994208BF2A
:1009C00090422CBFD8176FEAE37040F001007047E7
:1009D0004FEA410C7FEA6C5C02D150EA013C07D13E
:1009E0004FEA430C7FEA6C5CD6D152EA033CD3D089
:1009F0005DF8040B704700BF8446104662468C4683
:100A00001946634600E000BF01B5FFF7B7FF0028B5
:100A100048BF10F1000F01BD4DF808EDFFF7F4FFDE
:100A20000CBF012000205DF808FB00BF4DF808ED69
:100A3000FFF7EAFF34BF012000205DF808FB00BF8C
:100A40004DF808EDFFF7E0FF94BF012000205DF8AE
:100A500008FB00BF4DF808EDFFF7CEFF94BF012063
:100A600000205DF808FB00BF4DF808EDFFF7C4FF5C
:100A700034BF012000205DF808FB00BF4FEA4102AF
:100A800012F5001215D211D56FF47873B3EB6252E0
:100A900012D94FEAC12343F0004343EA505311F007
:100AA000004F23FA02F018BF404270474FF0000099
:100AB000704750EA013005D111F0004008BF6FF0D7
:100AC000004070474FF00000704700BF4FEA4102FE
:100AD000B2F1E04324BFB3F5001CDCF1FE5C0DD99C
:100AE00001F0004C4FEAC0024CEA5070B2F1004FE6
:100AF00040EB830008BF20F00100704711F0804FE9
:100B000021D113F13872BCBF01F00040704741F4AD
:100B100080114FEA5252C2F11802C2F1200C10FAB1
:100B20000CF320FA02F018BF40F001004FEAC12395
:100B30004FEAD32303FA0CFC40EA0C0023FA02F339
:100B40004FEA4303CCE77FEA625307D150EA01330F
:100B50001EBF4FF0FE4040F44000704701F00040DF
:100B600040F0FE4040F40000704700BF53B94AB95E
:100B7000002908BF00281CBF4FF0FF314FF0FF30A5
:100B800001F0F6B8ADF1080C6DE904CE00F006F8FE
:100B9000DDF804E0DDE9022304B070472DE9F047F9
:100BA000089D0C46002B4ED194468C458646B2FAE1
:100BB00082F262D94AB1C2F12003914020FA03F3D4
:100BC0000CFA02FC194300FA02FE4FEA1C471FFA16
:100BD0008CF6B1FBF7F44FEA1E4307FB141143EA0E
:100BE000014304FB06F199420AD91CEB030304F10B
:100BF000FF3080F01281994240F20F81023C634441
:100C0000591A1FFA8EF3B1FBF7F007FB101143EAF4
:100C1000014300FB06F69E420AD91CEB030300F1D8
:100C2000FF3180F0FC809E4240F2F980634402383C
:100C30009B1B40EA044000211DB1D3400022C5E9BE
:100C40000032BDE8F0878B4205D90DB1C5E900013E
:100C500000210846F5E7B3FA83F1002946D1A34203
:100C600002D39042C0F0F080861A64EB03030120A7
:100C7000002DE6D0C5E90063E3E7002A40F090804C
:100C8000A1EB0C044FEA1C481FFA8CF70121B4FBBE
:100C9000F8F64FEA1E4308FB164443EA044307FBF9
:100CA00006F0984208D91CEB030306F1FF3402D288
:100CB000984200F2CD8026461C1A1FFA8EF3B4FB30
:100CC000F8F008FB104443EA044300FB07F79F4297
:100CD00008D91CEB030300F1FF3402D29F4200F25B
:100CE000B0802046DB1B40EA0640A5E7C1F12006A4
:100CF0008B4022FA06F71F4320FA06FC04FA01F3A0
:100D000043EA0C03F44000FA01F8380C4FEA1349A7
:100D1000B4FBF0FE1FFA87FC00FB1E4449EA0444C2
:100D20000EFB0CF9A14502FA01F20AD93C190EF1A9
:100D3000FF3A80F08480A14540F28180AEF1020E3E
:100D40003C44A4EB09041FFA83F9B4FBF0F300FB65
:100D5000134449EA044403FB0CFCA44507D93C199D
:100D600003F1FF3067D2A44565D9023B3C4443EA16
:100D70000E40A0FB0293A4EB0C049C42CE469C4682
:100D800051D34ED055B1B8EB0E0364EB0C0404FA0A
:100D900006F6CB401E43CC40C5E90064002150E775
:100DA000C2F1200320FA03F10CFA02FC24FA03F347
:100DB00094400C434FEA1C4800FA02FE1FFA8CF7DD
:100DC000B3FBF8F008FB1031230C43EA014300FBAE
:100DD00007F1994208D91CEB030300F1FF362CD22E
:100DE00099422AD9023863445B1AA4B2B3FBF8F1E2
:100DF00008FB113344EA034401FB07F3A34208D97B
:100E00001CEB040401F1FF3613D2A34211D90239BD
:100E10006444E41A41EA004139E70446F0E6084632
:100E200006E7C845AED2B9EB020E63EB070C0138FA
:100E3000A8E73146EDE7034699E73046D4E7D646C2
:100E40007FE7634402384DE70646234608460FE72E
:100E5000023E634430E700BF03685A004CBF43F0D2
:100E6000004323F000431844704700BF2DE9F843C6
:100E700049B34F1E044615463E464FF0000909EBA4
:100E8000060101EBD171491004EBC1084046FFF7A0
:100E9000E3FF8F4203464FEAC1000FD00830AB4258
:100EA000204407D8FFF7D8FF0138A84208D201F143
:100EB0000109E4E7894506D04E1EE0E7AB42F9D8C8
:100EC0004046BDE8F8834FF000084046BDE8F8838F
:100ED000012807D0022807D0044B00280CBF184671
:100EE0000020704702487047024870479915000873
:100EF0009D150008A115000830B5214B83B00446AC
:100F00008D1E1BB301A92846AFF3008088B3019959
:100F10002A46FFF7ABFF014658B3FFF79DFF4B682A
:100F2000A064012B28D0002B01F104001FDBFFF788
:100F300093FF002323650368E064002B0DDBFFF7BC
:100F40008BFF03460020236103B030BD0D4B0E49DB
:100F5000C91AC91018460191DAE7C3F30360FFF715
:100F6000B7FF034628B10020236103B030BD012341
:100F7000E0E700230920E6E700230520E3E700BFC0
:100F800000000000D0BF0008C0C100080368DA07F5
:100F900010B5044606D49B0700F1480009D500F0BF
:100FA00069FC2368590709D51A070ED5DB0613D546
:100FB00010BD00F057FC23685907F5D404F1D000A8
:100FC00000F060FC23681A07F0D404F5A87000F064
:100FD00061FC2368DB06EBD404F5E870BDE8104043
:100FE00000F09CBC092070470346006800B118441B
:100FF000704700BF704700BF70B504460E46316CA5
:101000002046FFF779FF054688B9326C6261236993
:1010100032462146012098470828F0D0072806D1FB
:101020002846316CFFF7E6FF301D00F00FFC0AF098
:1010300057FA00BF2DE9F0470D1DD0F80C80D0F80D
:101040001890074614460FCDADF5727D0DF10C0CCE
:10105000ACE80F000FCDACE80F000FCDACE80F00EF
:1010600095E80F0002AE4FF0000E8CE80F00C6F8B6
:1010700000E020E0336C7B614FF4F07231467AA8D7
:101080000AF012FB3B697AAA394650469847889B7A
:1010900073642146CDE9006905463B463A46012086
:1010A000C047044618BB4FF4F0727AA930460AF0E4
:1010B000FBFA082D19D1316C3846FFF71DFF0934B2
:1010C0005FFA84FA05460028D4D0B36B73643A46BD
:1010D000CDE900693B464AF010010120C04730B914
:1010E00028460DF5727DBDE8F087072D05D009254E
:1010F00028460DF5727DBDE8F0872046316CFFF77C
:1011000079FF03A800F0A2FB406C7047F0B5CB6BF1
:101110000B6401F1040C0E460546BCE80F00F9B063
:1011200001AC0FC4BCE80F000FC4BCE80F000FC433
:101130009CE80F004FF0FF3784E80F00009706E0AF
:101140002B696A46294698470828044608D1109911
:101150002846FFF7D1FE0028F2D0092079B0F0BD73
:101160006846FFF713FF062CF7D131462846FFF7F4
:1011700043FF00BFC160D96B826119640022194628
:1011800058E700BF70B5C66843690B64AEB9036920
:101190000A4604460D46014602209847072805D016
:1011A00008280FD129462046FFF726FF3046296C34
:1011B000FFF720FF281D00F049FB0122FFF73AFF4F
:1011C0000AF08EF90AF08CF9C2681AB1CA6B0A6487
:1011D00000222FE79AE700BF704700BF83680146EF
:1011E0000BB1012018477047012910D009D883B9E5
:1011F0000F2A0ED800EB820218465368009A13603B
:101200007047033901298CBF02200120704708462E
:1012100070470220704700BF00B585B00A46002322
:1012200003A900911946FFF7DFFF039805B05DF8A9
:1012300004FB00BF012910D009D883B90F2A0ED8AA
:10124000009900EB82020968516018467047033923
:1012500001298CBF022001207047084670470220F8
:10126000704700BF10B584B0002303AC0392009414
:101270000A461946FFF7DEFF04B010BD70B5D36B08
:10128000136402F1040C05460C46BCE80F00ADF5F2
:101290000E7D0DF15C0EAEE80F00BCE80F00AEE86D
:1012A0000F00BCE80F00AEE80F009CE80F004FF005
:1012B000FF368EE80F00169610E0FFF7D3FF2146A9
:1012C00016A8A847034616AA6946082083B9049BB6
:1012D0009847052806460CD0092809D02699684663
:1012E000FFF70AFE03466A460C2116A8002BE4D03D
:1012F000092616A8FFF74AFE30460DF50E7D70BD93
:101300002DE9F04F9346CA6C89B00D4652F8041B84
:10131000069200F0030C002B79D00C0C8DF81D40C8
:101320000904E4B2059102EB840202212F6D8DF8CD
:101330001C10BCF1020F08BFAA6B17F001070CD0FC
:1013400005A9584600F084FB18B9082009B0BDE88B
:10135000F08F092009B0BDE8F08F1668002EEFD09D
:1013600000F008010191B246029764469946B9F12E
:10137000020F48D0B2F800A0568802F10408AA6C07
:1013800026F001030F2158469F18FFF745FF8742BB
:1013900037D82AF001023A44824294BF0022012247
:1013A000730003F002030AF0010A43EA0A03012B67
:1013B00047D0022B31D0002BCBD114B1002A40F002
:1013C000C98008F10402D2F800A0BAF1000FCED112
:1013D00005A95846029F00F03BFB0028B9D1002F19
:1013E000B3D00F215846FFF717FF0E21024658468B
:1013F000FFF738FF674A0F215846FFF733FF0720F2
:10140000A8E70022CCE7566802F10808B7E709020E
:1014100005918DF81D30032188E7D8F8006026F08B
:101420000043002C44D122B1019A002A5AD0002B4B
:1014300058D0002E01DA08F10408013308EB8302CA
:10144000C1E7ECB9CAB1D8F80430D8F80020991C2B
:101450004FEAD2723FF47DAF05F158010133049198
:1014600000F08B8008F10400FFF7BEFD04AB0146DD
:101470002846AFF30080002857D108F10802A2E700
:101480000D215846FFF7C8FE2B6A8342F5D1AB6A9F
:101490009845F2D14046FFF7DFFC0F21024658463F
:1014A000FFF7E0FE2A4600215846FFF7DBFEA6E7DD
:1014B0000D2158460393FFF7AFFE2A6A039B824231
:1014C000B7D1AA6A9045B4D100270422C5E90B72AE
:1014D0004244AB626A63D8F80020BA4255DB01226D
:1014E0000292AAE7039408F1040A002605F15807BE
:1014F0001C460DE050460497FFF776FD002201469A
:1015000004AB284601360AF1040AAFF30080E0B9C3
:10151000A642EFD10D215846FFF77EFE049BC5F889
:101520002880C5E90803062014E704460D21584623
:10153000FFF772FE049E2862022C04BFEE6205F1E2
:101540002C06C5E90968062004E72346D8F80060A0
:10155000039C6EE74046FFF77FFC08F10402044657
:10156000AA632846AFF3008000283FF4F2AE22467B
:101570000F215846FFF776FE41E70C4658460D21ED
:10158000FFF74AFE26462862DBE7581C08EB80007E
:1015900081E700BF000000000023B1E60123AFE6B1
:1015A0000223ADE62DE9F0430646C3B015461C46BE
:1015B000042900F2D180DFE801F0AC51CF2A03000A
:1015C000002C40F0C980102A00F2C6800368DC06B7
:1015D00000F1E78020AF384600F0AAF9B46B394635
:1015E00000234FF0010C0CFA03F22A42204603F1CB
:1015F000010303D050F8042B0A600446042B01F1C8
:101600000401F0D1B463384600F088F999E0032C66
:1016100040F0A28094B204EB1243102B4FEA124523
:1016200000F29A8003681F0700F1C38020AF38469C
:1016300000F052F9B26B07EBC50154B10B46D01A5A
:1016400001EBC401E4001D5843F8045B8B42FAD15E
:101650002244B263384600F01DF972E0012C4FEAD3
:10166000124895B271D0052C76D108EB0509B9F175
:10167000200F71D8B8F10F0F72D8B9F1100F0368AD
:1016800000F29F80D90708D523F00103304643F0CC
:10169000020340F8483B00F0F1F820AF384600F074
:1016A000EDF8B36B002D00F0B9806D006A1E07EBFA
:1016B000C80100250132043903EB820253F8040B00
:1016C00041F8040F9342F9D1002D00F0A18041466A
:1016D000102938BF10216B0010396F46013B07EB12
:1016E000C1010133043902EB830352F8040B41F8C2
:1016F000040F9A42F9D1012C00F08880B8F10F0F45
:10170000B26302D820A800F0B5F8384600F0BAF865
:1017100017E00CBB806B23461FFA82FC0124371DA7
:1017200004FA03F111EA0C0F024604D052F8041B2C
:1017300047F8231010460133102BF1D1AC0400D42C
:10174000B063002043B0BDE8F08308EB0503102B25
:1017500002D8B8F1100F14D1022043B0BDE8F083D5
:10176000002DEED003685A075CD46F46384600F06F
:101770008DF8B26B6B00A8F11001013B07EBC101C2
:10178000AFE70368DA0759D420AF384600F06EF8A7
:10179000B36B002D89D10433B363384600F062F88F
:1017A000CFE723F01003036000F5E87000F0C0F805
:1017B00010E723F00803036000F5A87000F08CF830
:1017C00034E7D90708D523F0010343F0020340F8BA
:1017D000483B00F053F83368580706D5304623F0ED
:1017E000040340F8D03B00F051F820AF384600F039
:1017F00045F8684600F04AF8C8F110025200B36B91
:10180000A9F11005013A07EBC80153E720AFC2E781
:10181000012CC0D0B8F10F0FB36392D8384600F056
:1018200029F88EE723F0040340F8D03B6F4600F020
:101830002DF8384600F02AF8B26B9BE7304623F0CB
:10184000030340F8483B00F011F89DE700F1340134
:1018500091E838009C46A6464CF8045D90E8FF0FDE
:10186000E54600BD90EC210B704700BF80EC210BDA
:10187000704700BF90EC200B704700BF80EC200B3E
:10188000704700BFD0EC200B704700BFC0EC200BAE
:10189000704700BFF0EC0201F0EC0211F0EC022105
:1018A000F0EC0231F0EC0241F0EC0251F0EC02619C
:1018B000F0EC0271F0EC0281F0EC0291F0EC02A18C
:1018C000F0EC02B1F0EC02C1F0EC02D1F0EC02E17C
:1018D000F0EC02F1704700BFE0EC0201E0EC021115
:1018E000E0EC0221E0EC0231E0EC0241E0EC0251DC
:1018F000E0EC0261E0EC0271E0EC0281E0EC0291CC
:10190000E0EC02A1E0EC02B1E0EC02C1E0EC02D1BB
:10191000E0EC02E1E0EC02F1704700BFB0FC0181B5
:10192000B0FC0191B0FC01A1B0FC01B1704700BF57
:10193000A0FC0181A0FC0191A0FC01A1A0FC01B1CF
:10194000704700BFEC4600B52DE900502DE9FF1FA0
:101950004FF000032DE90C0001A9FFF7D7FBDDF8DC
:1019600040E012B0704700BFEC4600B52DE90050D2
:101970002DE9FF1F4FF000032DE90C0001A9FFF72F
:1019800001FCDDF840E012B0704700BFEC4600B546
:101990002DE900502DE9FF1F4FF000032DE90C0049
:1019A00001A9FFF711FCDDF840E012B0704700BF5D
:1019B000EC4600B52DE900502DE9FF1F4FF0000364
:1019C0002DE90C0001ABFFF7D5FBDDF840E012B0CC
:1019D000704700BFEC4600B52DE900502DE9FF1F10
:1019E0004FF000032DE90C0001AAFFF747FCDDF8DA
:1019F00040E012B0704700BF027A03467AB9427ADB
:101A0000A2B14168013A10B44272086803220C1D69
:101A10001A7202025C60000E10BC1A607047006807
:101A2000013A1A7202021A60000E7047B020704725
:101A300000B585B0002303AA009219460C22FFF7D7
:101A4000D3FB039805B05DF804FB00BFF0E700BFCF
:101A50002DE9F043064685B00D464FF000082846B4
:101A6000FFF7CAFFB028044600F0DA80070646D523
:101A700000F0F003802B5ED0B02B73D01BD8902BDE
:101A800000F09B80A02B12D1C34303F007034FF457
:101A90007F621A41010702F47F6201D542F480425D
:101AA000002319463046FFF77DFD0028D7D00920D6
:101AB00005B0BDE8F083C02B6DD1C62800F093803F
:101AC000C72800F0B28000F0F803C02B00F0D280ED
:101AD000C82800F0DD80C928E9D12846FFF78CFF2F
:101AE000020300F00F0002F47022013002430121D2
:101AF00005233046FFF756FD0028B0D0D7E7830016
:101B0000DBB21F1D0DF10C0900231946CDF8009022
:101B10000D223046FFF768FB039BCDF8009060066E
:101B20004CBFDF1BFF1800230D22194630460397D8
:101B3000FFF780FB93E72846FFF75EFF2402204370
:101B4000B0F5004FB3D004010023A2B219463046CD
:101B5000FFF728FD0028AAD114F4004F18BF4FF05A
:101B600001087CE7B12851D0B22800F0AD80B3283D
:101B70006DD000F0FC03B42B99D000F007020132C5
:101B8000012342F4002219463046FFF70BFD0028DE
:101B90003FF465AF8BE700F0F803D02B87D100F05E
:101BA00007020132052342F4002201213046FFF7EB
:101BB000F9FC00283FF453AF79E700F00D030D2B3B
:101BC0003FF475AF03AF002300F00F0219460097F2
:101BD0003046FFF709FB002300970D2219463046D7
:101BE000FFF728FB3BE72846FFF706FF020300F05C
:101BF0000F00013002F470220323024319463046DD
:101C0000FFF7D0FC00283FF42AAF50E72846FFF743
:101C1000F3FE431EDBB20E2B02467FF641AF46E7D2
:101C2000B8F1000F40D0002042E72846FFF7E4FE5D
:101C3000431EDBB20E2B02463FF639AF00230421D0
:101C40003046FFF7AFFC00283FF409AF2FE72846E6
:101C5000FFF7D2FE020300F00F00013002F4702201
:101C60000123024319463046FFF79CFC00283FF44D
:101C7000F6AE1CE700F00F020132032342F42022EB
:101C800019463046FFF78EFC00283FF4E8AE0EE719
:101C90002846FFF7B1FE00F0F00200F00F0310320B
:101CA000013343EA023222E703AC434641460E22A7
:101CB00000943046FFF798FA009443460F224146BD
:101CC0003046FFF7B7FAAEE700230DF10C090D22FD
:101CD0001946CDF800903046FFF786FA2846FFF700
:101CE0008BFE0206039C4FF002070BD500F07F002D
:101CF000B840044428460394FFF77EFE030607F12C
:101D00000707F3D400FA07F204F501742244002314
:101D10000392CDF800900D2219463046FFF78AFA5B
:101D20009DE600BF10B5C26C536884B04FF0030C41
:101D300008321C0208461B0E01A9019402928DF87C
:101D40000CC08DF80D30FFF783FE04B010BD00BF4E
:101D500008B5FFF77BFE806C08BD00BF08B5FFF734
:101D600075FEC06CC379023300EB830008BD00BF71
:101D7000704700BF10F8012B11F8013B012A28BF62
:101D80009A42F7D0D01A704708B50E480E4B036040
:101D90000323436000238360C3604FF41022026179
:101DA0004FF4001242610376437601228276C276B6
:101DB0000377437700F076FC00B908BD00F0B4F972
:101DC000FBE700BF680700200064004008B50E482C
:101DD0000E4B03600323436000238360C3604FF412
:101DE000102202614FF40012426103764376012211
:101DF0008276C2760377437700F054FC00B908BDC1
:101E000000F092F9FBE700BF4007002000680040A7
:101E100010B58AB00023059306930793089309939E
:101E200003683D4A934204D03C4A934234D00AB0FE
:101E300010BD3B4A136801331360012B1FD00024EF
:101E40000194384B1A6B42F008021A631B6B03F0C3
:101E500008030193019B0323059302220692089332
:101E60000923099305A9304801F0C6FA2246052145
:101E7000142001F047F8142001F054F8D7E70023AC
:101E80000093284B1A6C42F000721A641B6C03F02A
:101E900000730093009BD2E700230293214B1A6C3E
:101EA00042F080621A641B6C03F080630293029B11
:101EB0001B4A136801331360012B20D000240494C3
:101EC000184B1A6B42F002021A631B6B03F00203F9
:101ED0000493049B60230593022306930323089332
:101EE0000923099305A9114801F086FA2246052124
:101EF000412001F007F8412001F014F897E7002392
:101F00000393084B1A6C42F000721A641B6C03F0C6
:101F100000730393039BD1E7006400400068004016
:101F20003C07002000380240000C02400004024040
:101F300010B582B000240094124B1A6B42F40012C8
:101F40001A631A6B02F400120092009A01941A6B41
:101F500042F480021A631B6B03F480030193019B1C
:101F6000224605210C2000F0CDFF0C2000F0DAFF06
:101F700022460521392000F0C5FF392000F0D2FFAC
:101F800002B010BD00380240034B0360034B0B60EE
:101F900080231360704700BF900900209007002045
:101FA00010B59CB0244C0DF1540CA646BEE80F00B1
:101FB000ACE80F009EE807008CE80700002115A898
:101FC00005F053F81D4B18600DF1380C04F11C0E90
:101FD000BEE80F00ACE80F009EE807008CE80700A1
:101FE00000210EA805F041F8154B18600DF11C0CEE
:101FF00004F1380EBEE80F00ACE80F009EE80700C1
:102000008CE80700002107A805F02FF80D4B186099
:10201000EE4604F1540CBCE80F00AEE80F009CE85B
:1020200007008EE807000021684605F01EF8064B01
:1020300018601CB010BD00BFD0B90008140B002000
:10204000100B00200C0B0020080B002000B58DB0F9
:1020500000220792089209920A920B9200922A4B50
:10206000196B41F002011963196B01F00201009133
:1020700000990192196B41F040011963196B01F04D
:102080004001019101990292196B41F0010119631C
:10209000196B01F00101029102990392196B41F051
:1020A00008011963196B01F0080103910399049267
:1020B000196B41F004011963196B01F004010491DB
:1020C00004990592196B41F080011963196B01F0B5
:1020D00080010591059906921A6B42F010021A636D
:1020E0001B6B03F010030693069B4FF400730793DA
:1020F0004FF4881308930123099307A9034801F0BB
:102100007BF90DB05DF804FB00380240001002407E
:1021100008B50268034B9A4200D008BD00F09CFA53
:10212000FBE700BF0020004072B6FEE700B595B0A7
:102130003022002108A809F0F5F900230393049345
:102140000593069307930193204A116C41F0805147
:102150001164126C02F080520192019A02931C4B9E
:102160001A6842F480421A601B6803F480430293A9
:10217000029B012308934FF48033099302230E93AB
:102180004FF480020F9206221092A822119212930D
:102190000723139308A802F05FF898B90F2303935D
:1021A00002230493002305934FF4A05306934FF4A6
:1021B00080530793052103A802F09EFA20B915B0B9
:1021C0005DF804FBFFF7B0FFFFF7AEFF00380240F9
:1021D0000070004008B500F025FAFFF7A7FFFFF7F1
:1021E00035FFFFF7A5FE00F003F900F021F9FFF736
:1021F000CBFDFFF7EBFDFFF7D3FE04F031FFFEE769
:1022000000B583B0002200920D4B596C41F480411F
:102210005964596C01F48041009100990192196C44
:1022200041F0805119641B6C03F080530193019BB2
:102230000F216FF0010000F065FE03B05DF804FBB4
:102240000038024030B589B0044600230193214B89
:102250001A6C42F480721A641B6C03F4807301934D
:10226000019B02A903A802F01DFB069BCBB902F05B
:10227000F9FA0346184AA2FB03239B0C013B1748BB
:10228000174A026040F2E732C260436000230361F4
:102290008360836102F08AFC054630B1284609B0AC
:1022A00030BD02F0DFFA4300E4E70C4802F01AFB0D
:1022B00005460028F2D12D2000F034FE0F2C01D964
:1022C0000125EBE7002221462D2000F01BFE054BE7
:1022D0001C60E3E70038024083DE1B43180B00203C
:1022E000002000400C000020FEE7FEE7FEE7FEE7CE
:1022F000FEE7704708B5024800F090FF08BD00BF38
:10230000C40B002008B5024800F083FC08BD00BFE4
:102310006807002008B5024802F054FE08BD00BF5F
:102320006C0C002008B5024802F024FB08BD00BF79
:10233000180B002008B5024800F070FF08BD00BF70
:10234000640B002008B5024800F063FC08BD00BF24
:102350004007002008B5024801F075FC08BD00BF29
:102360000C61002008B5024802F02CFE08BD00BF39
:10237000240C00200120704708B509F05DF91623F0
:1023800003604FF0FF3008BD08B54FF0FF31FFF795
:10239000F3FFFEE710B503460C4A0D490D480068EF
:1023A00040B10C4800680344521A934206D8094AC7
:1023B000136010BD0748084C0460F2E709F03CF9CF
:1023C0000C2303604FF0FF30F3E700BF0000022052
:1023D00000200000600B0020A86F0020034AD2F804
:1023E000883043F47003C2F88830704700ED00E095
:1023F00008B50C480C4B03600C4B43604FF4805302
:1024000083600023C3604FF4806202610C2242614A
:102410008361C36102F0EEFC00B908BDFFF784FEE2
:10242000FBE700BF6C0C002000480040A0860100C4
:1024300008B50A480A4B03604FF4E13343600023B8
:102440008360C36003610C2242618361C36102F057
:10245000D1FC00B908BDFFF767FEFBE7240C0020A4
:102460000014014030B58BB0044600230593069359
:1024700007930893099303684C4A934204D04C4A4B
:1024800093424AD00BB030BD00250195494B1A6CE0
:1024900042F480221A641A6C02F480220192019A9A
:1024A00002951A6B42F004021A631B6B03F00403DB
:1024B0000293029B4FF44063059302230693032388
:1024C00008930723099305A93B4800F095FF3B4873
:1024D0003B4B03604FF0006343608560C5604FF481
:1024E00080630361456185614FF48073C3614FF47C
:1024F00040330362456200F099FD58B92F4BE36306
:102500009C6300220521272000F0FCFC272000F01E
:1025100009FDB7E7FFF708FEF0E700250395254B17
:102520005A6C42F020025A645A6C02F02002039264
:10253000039A04951A6B42F040021A631B6B03F076
:1025400040030493049B4FF48443059302230693B2
:10255000032308930823099305A91A4800F04CFFA8
:1025600019481A4B03604FF0206343608560C560D3
:102570004FF480630361456185614FF48073C361EB
:102580004FF400330362456200F050FD58B90E4B22
:10259000E3639C6300220521472000F0B3FC472041
:1025A00000F0C0FC6EE7FFF7BFFDF0E70048004019
:1025B000001401400038024000080240C40B002013
:1025C0002860024000180240640B0020286402408A
:1025D000DFF834D0FFF702FF0C480D490D4A002305
:1025E00002E0D458C4500433C4188C42F9D30A4AC8
:1025F0000A4C002301E013600432A242FBD309F02D
:1026000021F8FFF7E7FD70470000022000000020DE
:102610001C070020E0C1000820070020A86F002050
:10262000FEE7000008B50B4B1A6842F400721A600E
:102630001A6842F480621A601A6842F480721A6062
:10264000032000F04DFC0F20FFF7FCFDFFF7D8FD45
:10265000002008BD003C0240034A1168034B1B7870
:102660000B441360704700BFB40C0020080000202A
:10267000014B1868704700BFB40C002038B5044601
:10268000FFF7F6FF0546B4F1FF3F02D0044B1B787D
:102690001C44FFF7EDFF401BA042FAD338BD00BF3A
:1026A00008000020002800F0A18038B5044690F80A
:1026B0002030D3B12268136843F001031360FFF7A1
:1026C000D7FF054623685A6812F0010F10D1FFF7B3
:1026D000CFFF401B0A28F5D9636A43F400336362D5
:1026E000052384F82030012038BDFFF791FBE1E796
:1026F0001A6822F002021A60FFF7BAFF0546236843
:102700005A6812F0020F0DD0FFF7B2FF401B0A28E3
:10271000F5D9636A43F400336362052384F82030FB
:102720000120E1E7227E012A3DD01A6822F08002D2
:102730001A60637E012B3BD02268136823F04003AC
:102740001360A37E012B39D02268136823F0200385
:102750001360E37E012B37D02268136843F0100327
:102760001360237F012B35D02268136823F0080300
:102770001360637F012B33D02268136823F00403B6
:102780001360A368E2681343226913436269134329
:102790006268013A21681343CB6100206062012323
:1027A00084F82030A0E71A6842F080021A60C0E77F
:1027B0002268136843F040031360C2E7226813687D
:1027C00043F020031360C4E72268136823F010036A
:1027D0001360C6E72268136843F008031360C8E774
:1027E0002268136843F004031360CAE701207047AE
:1027F00090F82030013BDBB2012B05D9436A43F44A
:10280000802343620120704730B5464BD3F8002245
:1028100042F00102C3F80022D3F8002222F47C52D5
:10282000C3F80022D3F80022486A42EA0022C3F823
:1028300000224A6902F01F02012000FA02F2D3F8D6
:102840001C026FEA020C20EA0200C3F81C02CB69EA
:10285000C3B9344BD3F80C020CEA0000C3F80C02E5
:102860008C884869CD6844EA0544483043F83040D4
:102870008C68088840EA04404C6904F1480E03EB78
:10288000CE035860CB69012B1ED08B69002B33D14E
:102890002448D0F804320CEA0303C0F804320B6970
:1028A0008BBB2048D0F814320CEA0303C0F8143272
:1028B0000B6A012B2ED01B4AD2F8003223F0010301
:1028C000C2F80032002030BD164BD3F80C02104382
:1028D000C3F80C028C8848690D6844EA0544483006
:1028E00043F8304088894C698D6840EA0540483497
:1028F00003EBC4035860C8E70A48D0F80432134316
:10290000C0F80432CBE70748D0F814321343C0F8BC
:102910001432CDE70349D1F81C321343C1F81C32FD
:10292000C9E700BF0064004070B5044690F820502D
:10293000EDB2012D06D0436A43F400234362012522
:10294000284670BD022380F820300268136823F007
:1029500001031360FFF78CFE064623685B6813F0E3
:10296000010F0CD0FFF784FE831B0A2BF5D9636A95
:1029700043F400336362052384F82030E0E7002548
:102980006562DDE730B590F820C00468A4680CF1FA
:10299000FF3C5FFA8CFCBCF1010F62D814F0E05FE1
:1029A00059D0C4F3016C012404FA0CF41C608B6848
:1029B000002B3DD10D68CB68046843EA45550CF106
:1029C00018031B01E55003680C690CF1180E03EBAA
:1029D0000E135C600B7D012B35D0D17993791B04EC
:1029E00043EA0163517943EA0123147901682343DF
:1029F00001EB0C11C1F88C31D17893781B0443EAB8
:102A00000163517843EA0123117802680B4302EB1A
:102A10000C12C2F8883102680CF1180C4FEA0C1C39
:102A200052F80C3043F0010342F80C3000201DE056
:102A30004C6843EAC403CC6823430CF11804240116
:102A400005682B51BFE7036803EB0E13596841F487
:102A500080715960C1E7436A43F400134362012067
:102A600004E0436A43F480234362012030BD90F8C0
:102A700020C00CF1FF3C5FFA8CFCBCF1010F00F2AE
:102A8000A58030B451B90468E46814F0030F10D184
:102A9000436A43F40013436201207EE00468246922
:102AA00014F0030F05D1436A43F40013436201207D
:102AB00073E0056801F11B0424012C5904F004049F
:102AC0009460002C6BD1056801F11B0424012C5982
:102AD000640D1460046801F11B0C4FEA0C1C54F8DF
:102AE0000C4004F00204D4600468A444DCF80450F0
:102AF00015F0080F5BD008241461046801F11B0C69
:102B000004EB0C146468C4F307249461046804EBB8
:102B10000C146468240C5461026802EB0112D2F8B0
:102B2000B8211A70026802EB0112D2F8B821C2F380
:102B300007225A70026802EB0112D2F8B821C2F3E0
:102B400007429A70026802EB0112D2F8B821120E05
:102B5000DA70026802EB0112D2F8BC211A71026825
:102B600002EB0112D2F8BC21C2F307225A710268AB
:102B700002EB0112D2F8BC21C2F307429A7102683B
:102B800002EB0112D2F8BC21120EDA71C1B902684F
:102B9000D36843F02003D360002030BC7047056841
:102BA00001F11B0424012C59E408546092E701F15F
:102BB0001B0504EB0514646804F00F0414619CE722
:102BC0000268136943F020031361E5E7436A43F4A5
:102BD000802343620120704790F82030013BDBB234
:102BE000012B05D9436A43F48023436201207047D7
:102BF000026853690B435361002070477047704768
:102C0000704770477047704770477047704770470C
:102C100070472DE9F84F054603685C69D3F80480D6
:102C20009F68D3F80CB0D3F810A0D3F8189014F024
:102C300001063BD017F0010616D001229A6017F06A
:102C4000020F08D117F0040F0CD117F0080606D0B8
:102C50004FF4805608E0FFF7D1FF002604E0FFF7AD
:102C6000D0FF01E04FF4006617F4807F0DD02B6891
:102C70004FF480729A6017F4007F40F0868017F45A
:102C8000806F00F0868046F4005617F4803F0DD028
:102C90002B684FF480329A6017F4003F40F0838035
:102CA00017F4802F00F0838046F4004614F0080FDC
:102CB00007D01BF0100F04D046F400762B681022CA
:102CC000DA6014F0040F02D01BF0080F79D114F071
:102CD000020F04D02B68DB6813F0030F78D114F0D7
:102CE000400F07D01AF0100F04D046F480662B680E
:102CF00010221A6114F0200F02D01AF0080F6BD1C5
:102D000014F0100F04D02B681B6913F0030F6AD165
:102D100014F4003F02D018F0100F68D114F4803F73
:102D200002D018F0080F69D114F4004F7AD018F0CF
:102D3000040F74D014F4807F04D019F0010F01D077
:102D400046F0010614F4007F04D019F0020F01D000
:102D500046F0020614F4806F04D019F0040F01D07D
:102D600046F0040614F4006F59D019F0700956D0DB
:102D7000B9F1400F65D058D8B9F1200F5ED0B9F144
:102D8000300F42D146F0200644E02846FFF737FFD7
:102D90007BE717F4006F02D046F4804675E72846BB
:102DA000FFF730FF71E72846FFF72AFF7EE717F4A9
:102DB000002F02D046F4803678E72846FFF723FF3D
:102DC00074E72B680822DA602846FFF71DFF7EE7CC
:102DD000284605F0DBFC82E72B6808221A612846AA
:102DE000FFF713FF8CE7284605F0BAFC90E72B6845
:102DF00010225A602846FFF709FF8FE72B68082248
:102E00005A602846FFF703FF8EE7B9F1100F01D192
:102E100046F008062A68936923F0700393612B68D3
:102E200004225A609EB9BDE8F88FB9F1500F0BD05B
:102E3000B9F1600FEED146F48076EBE746F010066C
:102E4000E8E746F04006E5E746F08006E2E76B6A11
:102E500033436B622846FFF7DBFEE4E7002807DB1D
:102E600000F01F02400901239340024A42F820303B
:102E7000704700BF00E100E0002808DB0901C9B28B
:102E800000F1604000F5614080F80013704700F0E9
:102E90000F000901C9B2014B1954704714ED00E04D
:102EA00000B500F00700C0F1070CBCF1040F28BF0B
:102EB0004FF0040C031D062B0FD9C31E4FF0FF3E2D
:102EC0000EFA0CF021EA000199400EFA03FE22EA04
:102ED0000E0241EA02005DF804FB0023EEE7000069
:102EE000074AD36823F4E0631B041B0C000200F4C0
:102EF000E060034343F0BF6343F40033D3607047A3
:102F000000ED00E010B50446054BD868C0F3022080
:102F1000FFF7C6FF01462046FFF7AEFF10BD00BF1A
:102F200000ED00E008B5FFF799FF08BD30B4056873
:102F30002C6824F480242C60046863608368402B30
:102F400005D0036899600368DA6030BC7047036895
:102F50009A600368D960F8E710B40368D9B21039F1
:102F60000C4AA2FB014212090B4CA25CC2655F290C
:102F700009D923F47F7323F0030304338365806D41
:102F80005DF8044B704723F47F7323F003038365DC
:102F9000F5E700BFABAAAAAAF0BA0008836A826963
:102FA00092B9012B0AD0022B02D00BB1002070473E
:102FB000C36A13F0807F28D100207047C36AB3F141
:102FC000C07F24D000207047B2F5005F09D0022BEB
:102FD00025D9032B25D1C36A13F0807F23D100208C
:102FE0007047032B03D8DFE803F01404140A002011
:102FF0007047C36A13F0807F0DD100207047C36A09
:10300000B3F1C07F09D00020704701207047012034
:103010007047012070470120704701207047012050
:1030200070470020704701207047000070B50446CB
:10303000FFF71EFB002C5BD00546022384F83530D9
:10304000002384F834302268136823F001031360EE
:1030500023681A6812F0010F0AD0FFF709FB431B1F
:10306000052BF5D920236365032084F8350070BD56
:103070001A68204911406268A0680243E068024370
:103080002069024360690243A0690243E069024388
:10309000206A02430A43616A04291ED01A60266826
:1030A000756925F00705636A1D43042B07D1A36AE0
:1030B0001D43E36A1BB12046FFF770FF90B97561AD
:1030C0002046FFF749FFE26D3F23934083600020D5
:1030D0006065012384F83530C9E7E16A206B01435C
:1030E0000A43DBE740236365012084F83500BEE72F
:1030F0000120BCE73F8010F038B50446856D90F89C
:10310000340001282BD0012084F8340094F83500D5
:10311000C0B2012804D0002384F83430022038BD26
:10312000022084F83500002060652046FFF7FEFE8F
:10313000E26D3F239340AB602268136843F01603AF
:103140001360236C23B12268136843F008031360F3
:103150002268136843F0010313600020DFE70220B8
:10316000DDE770B50446866DFFF782FA94F83530D6
:10317000DBB2022B06D080236365002384F8343051
:10318000012070BD05462268136823F01603136002
:103190002268536923F080035361236CE3B12268F2
:1031A000136823F0080313602268136823F00103F7
:1031B000136023681B6813F0010F11D0FFF758FA52
:1031C000431B052BF5D920236365032084F83500C4
:1031D000002384F83430D4E7A36C002BDFD1E3E77D
:1031E000E26D3F239340B360012384F83530002023
:1031F00084F83400C5E790F83530DBB2022B03D0F9
:103200008023436501207047052380F8353002682C
:10321000136823F00103136000207047F0B583B0FA
:10322000044600230193724B1D68724BA3FB0535C6
:10323000AD0A876D3E68C26D08239340334210D0BB
:1032400003681A6812F0040F0BD01A6822F0040207
:103250001A60C26D08239340BB60436D43F00103C5
:103260004365E26D01239340334209D022685269DD
:1032700012F0800F04D0BB60636D43F002036365FE
:10328000E26D04239340334209D02268126812F0A1
:10329000020F04D0BB60636D43F004036365E26D0D
:1032A00010239340334224D02268126812F0080F92
:1032B0001FD0BB6023681A6812F4802F0DD01B68E2
:1032C00013F4002F04D1236C9BB12046984710E0E3
:1032D000A36C73B1204698470BE01A6812F4807F04
:1032E00003D11A6822F008021A60236C0BB1204641
:1032F0009847E26D20239340334255D022681268EC
:1033000012F0100F50D0BB6094F83530DBB2052BB3
:103310000ED023681A6812F4802F33D01B6813F480
:10332000002F2AD1636C002B3ED0204698473BE00B
:103330002268136823F0160313602268536923F090
:1033400080035361236CA3B12268136823F0080340
:103350001360E26D3F239340BB60012384F8353056
:10336000002384F83430236D002B3FD0204698474B
:103370003CE0A36C002BE7D1EBE7E36BA3B1204665
:10338000984711E01A6812F4807F09D11A6822F078
:1033900010021A60012384F83530002384F8343099
:1033A000E36B0BB120469847636DFBB1636D13F07F
:1033B000010F17D0052384F835302268136823F0F5
:1033C00001031360019B01330193AB4204D82368CE
:1033D0001B6813F0010FF5D1012384F83530002369
:1033E00084F83430E36C0BB12046984703B0F0BD4D
:1033F00004000020B5814E1B00230F2B00F2E98052
:1034000070B582B065E085684FEA430E032404FA84
:103410000EF425EA0405CC6804FA0EF42C4384600B
:10342000446824EA02044A68C2F300129A40224324
:1034300042605CE0DC08083450F8242003F0070503
:10344000AD004FF00F0E0EFA05FE22EA0E0E0A69CD
:10345000AA4042EA0E0240F824205CE0072200E085
:10346000002202FA0EF22A4302345A4D45F8242073
:10347000594A94686FEA0C0224EA0C054E6816F467
:10348000801F01D04CEA0405534CA560E46802EAB1
:1034900004054E6816F4001F01D04CEA04054E4C9A
:1034A000E560646802EA04054E6816F4003F01D046
:1034B0004CEA0405484C6560246822404D6815F4C8
:1034C000803F01D04CEA0402434C226001330F2BB1
:1034D0007DD801229A400C6804EA020C32EA040406
:1034E000F4D14C6804F00304013C012C8BD94A68E8
:1034F00002F00302032A09D0C4685D000322AA4037
:1035000024EA02048A68AA402243C2604A6802F0A0
:103510000302022A8ED004684FEA430E032202FA05
:103520000EF224EA02044A6802F0030202FA0EF2E2
:10353000224302604A6812F4403FC7D00022019241
:10354000264A546C44F480445464526C02F4804221
:103550000192019A9C08A51C1E4A52F8255003F0BE
:10356000030E4FEA8E0E0F2202FA0EF225EA020532
:103570001B4A90423FF474AF02F5806290421AD029
:1035800002F58062904218D002F58062904216D017
:1035900002F58062904214D002F58062904212D00F
:1035A00002F58062904210D002F5806290423FF4B2
:1035B00055AF082255E7012253E7022251E70322C3
:1035C0004FE704224DE705224BE7062249E702B008
:1035D00070BD704700380140003C01400038024097
:1035E000000002402DE9F04383B0D0F8008001EBE9
:1035F000C10300EB83039A6A5B6A9A4254D8074678
:103600000C469B1A01EBC10200EB8202D2699A427E
:1036100000D31A4602F103094FEA990915E006F1B1
:1036200003094FEA9909BB7904EBC40507EB85054B
:10363000296A0093B3B2E2B2404602F01AFA2B6A4A
:1036400033442B62AB6A3344AB6208EB441303F59B
:1036500010639B699BB24B4512D304EBC40307EB89
:1036600083039A6A5B6A9A420AD24BB19B1A04EBB3
:10367000C40207EB8202D6699E42D0D31E46CEE733
:1036800004EBC40307EB83077A6ABB6A9A420FD83C
:1036900004F00F040122A240D8F8343823EA0203D0
:1036A000C8F83438002000E0012003B0BDE8F08302
:1036B0000020FAE730B583B000287AD004460568C8
:1036C00090F89534C3B1032384F89534B5F1A04F35
:1036D00017D0206801F080FF237C8DF80030231D77
:1036E0000ECB206801F0B6FE70B1022384F8953449
:1036F0000125284603B030BD80F8943404F048FD1D
:10370000E1E70023A371E4E70021206802F0CDFB8C
:10371000024608B9034617E0022384F895340125D0
:10372000E7E703EBC30104EB8101012048750B754A
:10373000CB8500200876C861086203EBC30104EB67
:10374000810148620133DBB220799842E9D816E062
:1037500002EBC20304EB8303002183F8551283F8C4
:10376000542283F85812C3F85C12C3F8601202EBBB
:10377000C20304EB8303C3F864120132D2B2904255
:10378000E6D8237C8DF80030231D0ECB206801F095
:1037900079FF054620B1022384F895340125A8E776
:1037A00000236374012384F89534206802F03CFB05
:1037B0009FE701259DE7036890F89424012A1AD019
:1037C00010B50446012280F89424DA6812F0400F04
:1037D00002D0427B012A09D0206801F0F7FE206860
:1037E00002F014FB002084F8940410BD9A6B42F49C
:1037F00080329A63F0E702207047000070B50446FB
:103800000D460068066C00EB411303F530639A68BF
:10381000A179012911D038498E4256D03DB905EB26
:10382000C50304EB8303D3F86432002B5ED0E9B206
:10383000204604F029FD002070BD12F0080F09D0C9
:103840002E498E42F7D912F4004FF4D04FF40042C3
:103850009A60F0E712F0200F02D020229A60EAE787
:1038600012F0280FE7D125498E4206D912F4004FF5
:1038700003D04FF400429A60DDE705EBC50204EB8C
:103880008202D2F874121B69C3F31203CB1AC2F876
:1038900068327DB905EBC50204EB8202D2F86422DE
:1038A0006AB105EBC50204EB8202D2F8601219443A
:1038B000C2F86012E9B2204604F0E6FCBBE704F26D
:1038C0009C42012102F032FBF4E712F4004F03D0D6
:1038D0004FF400429A60AEE712F0200F01D0202290
:1038E0009A60E9B2204604F0CFFCA4E704F29C42BF
:1038F000002102F01BFB9AE70A31544F0A30544F63
:1039000038B5044603681D6C03EB4113D3F8081B5C
:103910000E4A954207D903F5306311F4004F02D0E7
:103920004FF400429A60204604F0A6FC074B9D42EB
:1039300002D9A379012B01D0002038BD04F29C42AA
:103940000121206802F0F2FAF6E700BF0A30544F76
:1039500090F89434012B0CD010B50446012380F864
:1039600094344174006802F041FA002084F8940411
:1039700010BD0220704738B505468C4611F0800F07
:103980002BD101F00F0E0EEBCE04A40004F514743D
:103990000444211D0EEBCE0E00EB8E0E00208EF89F
:1039A00055020CF00F0C81F800C0C2F30A028A60C5
:1039B0000B714A780AB1A1F81AC0022B1CD095F8F5
:1039C0009434012B1BD0012385F89434286801F02E
:1039D00034FF002085F8940438BD01F00F0000EB9F
:1039E000C001890010312944043100EBC00005EB0F
:1039F000800001244475D4E700234B71DFE70220E7
:103A0000EAE710B504460A4611F0800F20D101F014
:103A10000F0000EBC0039B0003F514732344191D32
:103A200000EBC00004EB8000002380F8553202F068
:103A30000F020A7094F89434012B18D0012384F8F3
:103A40009434206801F046FF002084F8940410BDEF
:103A500001F00F0000EBC0039B0010332344191D3D
:103A600000EBC00004EB800001234375DFE7022078
:103A7000EDE710B5144601F00F0C0CEBCC018900FA
:103A800001F51471014404310CEBCC0E00EB8E0EE9
:103A9000CEF86022CEF864320023CEF868328EF879
:103AA00055328EF854C28279012A04D0006801F0A0
:103AB000F7FF002010BDCEF87042F7E701F00F01CC
:103AC00001EBC10100EB8100D0F86802704710B52E
:103AD000144601F00F0C0CEBCC01890010310144AD
:103AE00004310CEBCC0E00EB8E0ECEF82020CEF87D
:103AF00024300023CEF8283001238EF815308EF8BC
:103B000014C082799A4204D0006801F0C9FF0020F5
:103B100010BDCEF83040F7E738B501F00F05027957
:103B2000AA4238D304460B4611F0800F1FD101EB97
:103B3000C101890001F514710144043103EBC30391
:103B400000EB8303002283F8552201238B700D7054
:103B500094F89434012B20D0012384F89434206805
:103B600002F0E9F885B1002084F8940438BD05EB33
:103B7000C501890010310144043105EBC50300EB98
:103B8000830301225A75E0E704F29C42A179206880
:103B900002F0CCF9E7E70120E8E70220E6E701F0D0
:103BA0000F0302799A4230D310B5044611F0800F0A
:103BB0001ED103EBC301890001F5147101440431E6
:103BC00003EBC30200EB8202002082F855020022C0
:103BD0008A700B7094F89434012B18D0012384F868
:103BE0009434206802F0D4F8002084F8940410BDC6
:103BF00003EBC301890010310144043103EBC3021C
:103C000000EB820201205075E1E70120704702209D
:103C1000EDE708B511F0800F0CD101F00F0101EBB9
:103C2000C101890001F5147101440431006801F0FB
:103C3000C1FE08BD01F00F0101EBC1018900103187
:103C400001440431F2E72DE9F04F83B004460568E2
:103C5000284602F026F910B103B0BDE8F08F064601
:103C6000206802F0EFF80028F6D005F50067BB6881
:103C7000C3F30D23C4F8D434206802F0E3F810F045
:103C8000020F04D02268536903F0020353612068D5
:103C900002F0D8F810F0100F13D02268936923F0C7
:103CA00010039361D5F8208008F00F09C8F343434F
:103CB000022B4BD0062B6FD02268936943F0100380
:103CC0009361206802F0BEF810F4002F76D12068CE
:103CD00002F0B8F810F4802F40F0E080206802F085
:103CE000B1F80028C0F26181206802F0ABF810F44E
:103CF000006F09D0BB6813F0010F40F06E8122689D
:103D0000536903F400635361206802F09BF810F4D8
:103D1000805F40F06681206802F094F810F4005F44
:103D200040F0B381206802F08DF810F0080F40F0E9
:103D3000C481206802F086F810F0800F00F0D7816F
:103D4000AB6923F08003AB610126C0E147F6F07355
:103D500018EA030FB0D04FEA181A4FEAC9030193CB
:103D600009EBC90B04EB8B0BC8F30A12DBF86012EA
:103D7000284601F0BDFFDBF86032CAF30A0A53445B
:103D8000CBF86032DBF86832019A4A4404EB8202D5
:103D90005344C2F868328FE7082204F29C41284657
:103DA00001F0A6FF09EBC90304EB8303D3F86822F3
:103DB000C8F30A184244C3F868227DE7206802F07D
:103DC00045F88046B14635E005EB49130122C3F8BA
:103DD000082B49462046FFF711FD3CE005EB49134F
:103DE0000822C3F8082B49462046FFF789FD35E035
:103DF00009EBC90304EB830393F85732012B41D03D
:103E000005EB49130222C3F8082B1AF0200F04D047
:103E100005EB49132022C3F8082B1AF4005F05D0E4
:103E200005EB49134FF40052C3F8082B09F10109BF
:103E30004FEA5808B8F1000F3FF449AF18F0010FEE
:103E4000F4D05FFA89FB5946206802F00FF88246E9
:103E500010F0010FB8D11AF0080FBFD11AF0100FEF
:103E600004D005EB49131022C3F8082B1AF0020FF7
:103E7000CBD06B6913F0800FBAD07B6843F48063BA
:103E80007B60B5E709EBC90304EB8303002283F8E9
:103E900057225946204604F047FAB1E7206801F05E
:103EA000DDFF8046B14625E05946204604F0F8F98A
:103EB0001AF0080F04D005EB49130822C3F80829AB
:103EC0001AF0100F04D005EB49131022C3F808298B
:103ED0001AF0400F04D005EB49134022C3F808291B
:103EE0001AF0020F40D11AF0800F59D109F10109DF
:103EF0004FEA5808B8F1000F3FF4F0AE18F0010F88
:103F0000F4D05FFA89FB5946206801F0B8FF824679
:103F100010F0010FCCD009F00F02012101FA02F2DA
:103F20007B6B23EA02037B6305EB4913C3F8081993
:103F3000A3798B42B8D109EBC90304EB83031A6A56
:103F4000D9690A441A62B9F1000FADD109EBC9036E
:103F500004EB83035B6A002BA6D104F29C4201218F
:103F6000206801F0E3FF9FE74946284601F03AFB4D
:103F700009EBC90304EB8303DB7D012B05D005EBC3
:103F800049130222C3F80829ADE709EBC90304EB82
:103F900083030022DA755946204604F0CBF9EEE798
:103FA00049462046FFF71EFBA0E77B6823F001038C
:103FB0007B6094F8CC34012B08D0204604F0AEF995
:103FC0002268536903F0004353618DE6002184F8B1
:103FD000CC14204600F03FF9F2E7204604F086F9C1
:103FE0008DE67B6823F001037B601021206801F0DF
:103FF000F9FA1AE005EB46134FF67F31C3F80819BA
:10400000D3F8002922F40012C3F80029C3F8081BD2
:10401000D3F8002B22F40012C3F8002BD3F8002BA6
:1040200042F00062C3F8002B01362379B342E1D895
:10403000FB6943F00113FB61E37BDBB1D7F884300C
:1040400043F00B03C7F884307B6C43F00B037B64B5
:10405000D5F8003823F4FE63C5F8003804F29C421A
:10406000A179206801F062FF2268536903F480534C
:10407000536150E67B6943F4005343F02B037B61AB
:104080003B6943F00B033B61E2E7206801F03EFF30
:10409000206801F0C1FBE071266800F0DDFB0146FD
:1040A000E279304601F020FA204604F00AF922684D
:1040B000536903F40053536134E6204604F0FBF8DF
:1040C0002268536903F00803536132E6013623790D
:1040D000B3420CD906EBC60304EB830393F85732C3
:1040E000012BF3D1F1B22046FFF793FDEEE72068F4
:1040F00001F0A8FE10F4801F25D1206801F0A2FE77
:1041000010F4001F59D0012326E001362379B34271
:104110001BD905EB4613D3F8002906EBC60304EBC5
:1041200083031B7E012BF0D1002AEEDA06EBC603D7
:1041300004EB83030122DA7566F07F01C9B22046E1
:10414000FFF767FDE1E70126E0E72268536903F422
:1041500080135361D1E7013322799A4228D905EBC4
:104160004312D2F8001B03EBC30204EB820292F865
:104170005822012AEFD10029EDDA01F48031D4F878
:10418000D42402F001029142E5D103EBC30204EB17
:104190008202012182F85712AA6942F08002AA61C4
:1041A0006A6912F0800FD6D17B6843F400737B609C
:1041B0002268536903F400135361206801F042FE42
:1041C00010F0804F10D1206801F03CFE10F0040F79
:1041D0003FF442AD23685D6815F0040F0DD12268ED
:1041E00053682B43536037E5204604F0A9F8226852
:1041F000536903F080435361E5E7204604F0A6F8D5
:10420000EDE710B40468606A31B940EA0240A06288
:1042100000205DF8044B70478C46A36A00EB134006
:10422000002308E003F1400104EB8101496800EB41
:1042300011400133DBB20CF1FF318B42F2D340EA83
:1042400002400CF13F0104EB81046060E0E7036889
:104250005962002070477047002800F0E08170B577
:1042600082B00446036813F0010F3BD09F4B9B685C
:1042700003F00C03042B2CD09C4B9B6803F00C0325
:10428000082B21D06368B3F5803F4FD0B3F5A02F42
:1042900052D0964B1A6822F480321A601A6822F4BF
:1042A00080221A606368002B50D0FEF7E1F90546C2
:1042B0008E4B1B6813F4003F14D1FEF7D9F9401B55
:1042C0006428F5D90320B1E1884B5B6813F4800FB3
:1042D000D8D0864B1B6813F4003F03D06368002BD3
:1042E00000F09F81236813F0020F54D07F4B9B682E
:1042F00013F00C0F3ED07D4B9B6803F00C03082B92
:1043000033D0E368002B68D0794B01221A60FEF7A6
:10431000AFF90546754B1B6813F0020F54D1FEF739
:10432000A7F9401B0228F5D903207FE16F4A1368E3
:1043300043F480331360B5E76C4B1A6842F4802273
:104340001A601A6842F480321A60ABE7FEF790F9FF
:104350000546664B1B6813F4003FC3D0FEF788F98F
:10436000401B6428F5D9032060E1604B5B6813F4BF
:10437000800FC6D15D4B1B6813F0020F03D0E368BA
:10438000012B40F05081594A136823F0F80321694A
:1043900043EAC1031360236813F0080F42D0636936
:1043A0006BB3534B0122C3F8802EFEF761F905462B
:1043B0004E4B5B6F13F0020F34D1FEF759F9401BDF
:1043C0000228F5D9032031E1484A136823F0F803A5
:1043D000216943EAC1031360DDE7454B00221A60FF
:1043E000FEF746F90546414B1B6813F0020FD2D089
:1043F000FEF73EF9401B0228F5D9032016E13C4B9D
:104400000022C3F8802EFEF733F90546374B5B6F69
:1044100013F0020F06D0FEF72BF9401B0228F5D946
:10442000032003E1236813F0040F77D02F4B1B6C9C
:1044300013F0805F33D1002301932C4B1A6C42F0B0
:1044400080521A641B6C03F080530193019B012579
:10445000284B1B6813F4807F23D0A368012B34D032
:10446000052B38D0214B1A6F22F001021A671A6F00
:1044700022F004021A67A368002B3DD0FEF7F8F87B
:1044800006461A4B1B6F13F0020F46D1FEF7F0F8E9
:10449000801B41F288339842F3D90320C6E00025FF
:1044A000D6E7144A136843F480731360FEF7E0F80C
:1044B0000646104B1B6813F4807FCED1FEF7D8F868
:1044C000801B0228F5D90320B0E0084A136F43F09F
:1044D00001031367CFE7054B1A6F42F004021A6716
:1044E0001A6F42F001021A67C5E700BF00380240A8
:1044F0000000474200700040FEF7BAF80646524BF3
:104500001B6F13F0020F08D0FEF7B2F8801B41F2C8
:1045100088339842F3D9032088E0EDB9A369002BD2
:1045200000F08380484A926802F00C02082A51D0B9
:10453000022B17D0454B00221A66FEF799F8044665
:10454000414B1B6813F0007F42D0FEF791F8001B2F
:104550000228F5D9032069E03B4A136C23F080530D
:104560001364DBE7394B00221A66FEF781F8054633
:10457000354B1B6813F0007F06D0FEF779F8401B1F
:104580000228F5D9032051E0E369226A1343626AE5
:1045900043EA8213A26A5208013A43EA0243E26AFA
:1045A00043EA0263284A5360284B01221A66FEF749
:1045B0005FF80446244B1B6813F0007F06D1FEF71A
:1045C00057F8001B0228F5D903202FE000202DE02A
:1045D00000202BE0012B2BD01B4B5B6803F48001E8
:1045E000E269914226D103F03F02216A8A4223D137
:1045F000616A47F6C0721A40B2EB811F1ED103F404
:104600004031A26A5208013AB1EB024F18D103F0CF
:104610007063E26AB3EB026F14D1002006E0012060
:104620007047012002E0012000E0002002B070BDD0
:104630000120FBE70120F9E70120F7E70120F5E77A
:104640000120F3E70120F1E7003802400000474273
:1046500008B5264B9B6803F00C03042B41D0082BB4
:1046600041D1224B5A6802F03F025B6813F4800F7D
:1046700012D01E4B5968C1F388111D480023A1FBBD
:104680000001FCF773FA194B5B68C3F30143013374
:104690005B00B0FBF3F027E0144B5868C0F38810C0
:1046A0004FEA401CBCEB000C6EEB0E0E4FEA8E1373
:1046B00043EA9C634FEA8C11B1EB0C0163EB0E03F0
:1046C000DB0043EA5173C90011EB000C43F1000316
:1046D000990200234FEA8C2041EA9C51FCF746FAEC
:1046E000D1E7034800E0034808BD00BF003802409E
:1046F000001BB7000024F400002800F09B8070B578
:104700000D4604464F4B1B6803F007038B4208D24B
:10471000CBB24C4A1370136803F007038B4240F08E
:104720008B80236813F0020F17D013F0040F04D00E
:10473000454A936843F4E0539360236813F0080FED
:1047400004D0414A936843F4604393603E4A9368BF
:1047500023F0F003A1680B439360236813F0010F6B
:1047600032D06368012B21D09A1E012A25D9364AFE
:10477000126812F0020F61D033498A6822F00302F6
:1047800013438B60FDF774FF06462F4B9B6803F0C5
:104790000C036268B3EB820F16D0FDF769FF801B34
:1047A00041F288339842F0D9032042E0264A126849
:1047B00012F4003FE0D101203BE0234A126812F0DE
:1047C000007FD9D1012034E01E4B1B6803F00703A2
:1047D000AB4207D9EAB21B4B1A701B6803F0070300
:1047E000AB422DD1236813F0040F06D0164A93680C
:1047F00023F4E053E1680B439360236813F0080F40
:1048000007D0114A936823F46043216943EAC10346
:104810009360FFF71DFF0C4B9B68C3F303130B4A18
:10482000D35CD8400A4B18600A4B1868FDF70AFDA4
:10483000002070BD012070470120FAE70120F8E751
:104840000120F6E7003C024000380240E0BA0008D0
:10485000040000200C000020014B1868704700BFC6
:104860000400002008B5FFF7F7FF044B9B68C3F373
:104870008223034AD35CD84008BD00BF0038024001
:10488000D8BA000808B5FFF7E7FF044B9B68C3F3ED
:104890004233034AD35CD84008BD00BF0038024011
:1048A000D8BA00080F2303600B4B9A6802F003028A
:1048B00042609A6802F0F00282609A6802F4E05264
:1048C000C2609B68DB0803F4E0530361034B1B6881
:1048D00003F007030B60704700380240003C0240C1
:1048E0007047000090F83D30DBB2012B37D1022336
:1048F00080F83D300268D36843F00103D360036859
:10490000194A934220D0B3F1804F1DD0A2F57C42CA
:10491000934219D002F58062934215D002F580626D
:10492000934211D002F5784293420DD002F57052B5
:10493000934209D0A2F59432934205D01A6842F00E
:1049400001021A60002070479A6802F00702062AE6
:1049500007D01A6842F001021A6000207047012057
:1049600070470020704700BF00000140704770474B
:104970007047704770B504460368DE681D6915F01E
:10498000020F10D016F0020F0DD06FF002021A6164
:104990000123037703689B6913F0030F5ED0FFF7D1
:1049A000E6FF0023237715F0040F12D016F0040F52
:1049B0000FD023686FF004021A6102232377236863
:1049C0009B6913F4407F4FD02046FFF7D0FF0023B0
:1049D000237715F0080F12D016F0080F0FD02368B8
:1049E0006FF008021A61042323772368DB6913F050
:1049F000030F40D02046FFF7BAFF0023237715F0BE
:104A0000100F12D016F0100F0FD023686FF01002A5
:104A10001A61082323772368DB6913F4407F31D0C0
:104A20002046FFF7A4FF0023237715F0010F02D0E3
:104A300016F0010F2DD115F0800F02D016F0800F67
:104A40002FD115F0400F02D016F0400F31D115F0E4
:104A5000200F02D016F0200F33D170BDFFF786FF74
:104A60002046FFF785FF9CE72046FFF77FFF2046A3
:104A7000FFF77EFFABE72046FFF778FF2046FFF702
:104A800077FFBAE72046FFF771FF2046FFF770FF78
:104A9000C9E723686FF001021A612046FDF738FB71
:104AA000C9E723686FF080021A61204600F0ABF876
:104AB000C7E723686FF040021A612046FFF759FFED
:104AC000C5E723686FF020021A61204600F09AF8CB
:104AD000C3E700000368344A904212D0B0F1804F1F
:104AE0000FD0A2F57C4290420BD002F5806290423A
:104AF00007D002F58062904203D002F578429042DE
:104B000003D123F070034A681343274A90422AD006
:104B1000B0F1804F27D0A2F57C42904223D002F51D
:104B2000806290421FD002F5806290421BD002F555
:104B30007842904217D002F57052904213D002F59D
:104B4000806290420FD002F5806290420BD0A2F5B5
:104B50009832904207D002F58062904203D002F56D
:104B60008062904203D123F44073CA68134323F058
:104B700080034A69134303608B68C3620B688362D6
:104B8000094B984203D003F58063984201D10B6929
:104B9000036301234361036913F0010F03D0036929
:104BA00023F00103036170470000014040B310B5DA
:104BB000044690F83D30F3B1022384F83D3021469D
:104BC00051F8040BFFF786FF012384F8463084F880
:104BD0003E3084F83F3084F8403084F8413084F827
:104BE000423084F8433084F8443084F8453084F807
:104BF0003D30002010BD80F83C30FFF771FEDBE750
:104C00000120704770477047026802F10C0353E8B7
:104C1000003F23F0C0030C3242E800310029F3D1F9
:104C2000202380F841307047026802F10C0353E8FA
:104C3000003F23F490730C3242E800310029F3D195
:104C4000026802F1140353E8003F23F00103143219
:104C500042E800310029F3D1036B012B05D020235A
:104C600080F84230002303637047026802F10C03AE
:104C700053E8003F23F010030C3242E800310029D2
:104C8000F3D1ECE790F84130DBB2212B01D00220C8
:104C900070478368B3F5805F17D0036A5A1C0262BD
:104CA0001A7803685A60C38C9BB2013B9BB2C384E1
:104CB0004BB90268D36823F08003D3600268D368DD
:104CC00043F04003D360002070470369002BE4D118
:104CD000036A1B880268C3F308035360036A023344
:104CE0000362E0E710B504460268136923F44053F9
:104CF000C1680B431361836802691A4343691A430D
:104D0000C3691A430168CB6823F4164323F00C03EC
:104D10001343CB600268536923F4407381690B43EA
:104D200053610368314A934206D002F58062934290
:104D300002D0FFF797FD01E0FFF7A4FDE369B3F5AB
:104D4000004F29D00021031849411B1841F10001EF
:104D5000C90041EA5371DB00181863684FEA830207
:104D60004FEA937341F10001FBF700FF204AA2FBD9
:104D700000314909642303FB11031B013233A2FBF9
:104D800003235B0903F0F00202EB011203F00F03AF
:104D9000216813448B6010BD0023021843EB03010C
:104DA000121841F10001C90041EA5271D2001018F5
:104DB00041F10001626892185B41FBF7D7FE0C4A93
:104DC000A2FB00314909642303FB1103DB003233EA
:104DD000A2FB03235B095A0002F4F87202EB0112F2
:104DE00003F00703216813448B60D4E700100140EF
:104DF0001F85EB5160B310B5044690F8413013B3F2
:104E0000242384F841302268D36823F40053D3600C
:104E10002046FFF767FF2268136923F4904313616C
:104E20002268536923F02A0353612268D36843F44C
:104E30000053D36000206064202384F8413084F85C
:104E40004230606310BD80F84030FDF70BFBD7E7C0
:104E500001207047704708B50168CA6822F0400217
:104E6000CA60202280F84120FFF7F4FF002008BD2F
:104E700070477047704710B5846B23685A6994F87F
:104E80004130DBB2212B10D023685A6902F0400276
:104E900094F84230DBB2222B11D0636C43F0100344
:104EA00063642046FFF7E6FF10BD02F08002002A8F
:104EB000EAD00023E3842046FFF7A6FEE4E7002AB9
:104EC000EBD00023E3852046FFF7AEFEE5E708B50B
:104ED000806B0023C385C384FFF7CCFF08BD90F827
:104EE0004230DBB2222B69D18368B3F5805F4FD0AB
:104EF000826AB3F5805F04D0002B56D10369002B82
:104F000053D103685B681370836A01338362C38D76
:104F10009BB2013B9BB2C385002B51D100B583B03E
:104F20000268D36823F02003D3600268D36823F4B7
:104F30008073D3600268536923F001035361202317
:104F400080F8423000234363036B012B33D10023ED
:104F50000363026802F10C0353E8003F23F01003DF
:104F60000C3242E800310029F3D103681A6812F0CC
:104F7000100F06D0002201921A6801925B6801931B
:104F8000019B818D04F07EFE002003B05DF804FBE0
:104F90000269002AACD1826A03685B68C3F3080324
:104FA0001380836A02338362B1E703685B6803F0AE
:104FB0007F031370A8E7FFF75BFFE5E70220704768
:104FC0000020704710B582B0044602681368D068AC
:104FD000516913F00F0F09D113F0200F0CD010F00E
:104FE000200F09D02046FFF77AFF16E011F00101EB
:104FF00015D110F4907F12D1216B012979D013F0D3
:10500000800F03D010F0800F40F0148113F0400F98
:1050100003D010F0400F40F0118102B010BD13F02A
:10502000010F06D010F4807F03D0626C42F00102C1
:10503000626413F0040F04D019B1626C42F00202F2
:10504000626413F0020F04D019B1626C42F00402E2
:10505000626413F0080F07D010F0200F00D119B1CF
:10506000626C42F008026264626C002AD5D013F0D0
:10507000200F02D010F0200F29D123685B6903F0C4
:105080004003626C12F0080F00D163B32046FFF7B3
:10509000CBFD23685B6913F0400F20D0226802F13A
:1050A000140353E8003F23F04003143242E8003178
:1050B0000029F3D1E36B73B1624A1A65E06BFEF726
:1050C0009AF80028A9D0E06B036D9847A5E7204621
:1050D000FFF705FFD1E72046FFF7CCFE9DE720460E
:1050E000FFF7C8FE99E72046FFF7C4FE002363647C
:1050F00093E713F0100F82D010F0100F3FF47FAF42
:10510000002301931368019353680193019B536932
:1051100013F0400F52D0E26B13685B689BB2002B18
:105120003FF47BAFA18D99427FF677AFE385D369DA
:10513000B3F5807F37D0226802F10C0353E8003FBB
:1051400023F480730C3242E800310029F3D1226845
:1051500002F1140353E8003F23F00103143242E844
:1051600000310029F3D1226802F1140353E8003F13
:1051700023F04003143242E800310029F3D1202308
:1051800084F8423000232363226802F10C0353E8C1
:10519000003F23F010030C3242E800310029F3D124
:1051A000E06BFDF7DEFF02236363A18DE38D9BB20D
:1051B000C91A89B2204604F065FD2EE7A18DE38D62
:1051C0009BB2C91A89B2E38D9BB2002B3FF425AF85
:1051D00000293FF422AF226802F10C0353E8003F9C
:1051E00023F490730C3242E800300028F3D1226897
:1051F00002F1140353E8003F23F00103143242E8A4
:1052000000300028F3D1202384F8423000232363A8
:10521000226802F10C0353E8003F23F010030C3224
:1052200042E800300028F3D102236363204604F0F3
:1052300029FDF2E62046FFF725FDEEE62046FFF7C2
:105240000AFEEAE6CF4E000808B5806B01234363EF
:10525000036B012B02D0FFF70CFE08BD818D4908BE
:1052600004F010FDF9E708B50346806B1B681B6866
:1052700013F4807F2BD10023C385026802F10C0355
:1052800053E8003F23F480730C3242E800310029D8
:10529000F3D1026802F1140353E8003F23F0010345
:1052A000143242E800310029F3D1026802F11403FC
:1052B00053E8003F23F04003143242E80031002954
:1052C000F3D1202380F84230036B012B07D0002359
:1052D0004363036B012B0FD0FFF7CAFD08BD0268C3
:1052E00002F10C0353E8003F23F010030C3242E8B4
:1052F00000310029F3D1EAE7818D04F0C3FCEDE72A
:1053000030B583B00446134681628285002545642A
:10531000222280F84220C26B1F48D063E26B1F48F4
:105320001064E26B1E48D064E26B156520680A4683
:10533000011DE06BFDF7E0FE019523681A680192FC
:105340005B680193019B23695BB1226802F10C0346
:1053500053E8003F43F480730C3242E800310029E7
:10536000F3D1226802F1140353E8003F43F0010334
:10537000143242E800310029F3D1226802F114030B
:1053800053E8003F43F04003143242E80031002963
:10539000F3D1002003B030BD675200084952000825
:1053A000774E000890F84230DBB2202B29D110B59F
:1053B00082B0044639B312B9012002B010BD0123F6
:1053C000036300234363FFF79BFF0028F5D1236BA2
:1053D000012B01D00120F0E70023019323681A6814
:1053E00001925B680193019B226802F10C0353E870
:1053F000003F43F010030C3242E800310029F3D1A2
:10540000DBE7022070470120D7E782B00023019339
:10541000019B01330193019BB3F1706F15D80369B0
:10542000002BF5DA00230193036943F001030361C4
:10543000019B01330193019BB3F1706F08D803699D
:1054400013F0010FF4D1002000E0032002B07047F8
:105450000320FBE784B010B5044603A880E80E00E3
:105460009DF81130012B21D1A36B23F48033A3636A
:10547000E36823F4840323F04003E360E36823F448
:105480004013E3609DF81830012B0AD02046FFF747
:10549000BCFF9DF80E30012B1CD0BDE8104004B0BD
:1054A0007047E36843F48013E360EFE7E36843F099
:1054B0004003E3602046FFF7A8FF9DF8153023B9AD
:1054C000A36B43F48033A363E3E7A36B23F480333C
:1054D000A363DEE7A36843F00603A360A36843F079
:1054E0002003A360D9E70000022A0AD00922C3687A
:1054F00023F47053C360C36843EA8223C36000206F
:105500007047234B0B44234A93422FD9224B0B4421
:10551000224A93422CD9A1F57403A3F51053204AD3
:10552000934227D9A1F18373A3F5E7431D4A934220
:1055300022D31D4B0B441D4A93421FD91C4B0B44D5
:105540001C4A93421CD31C4B0B441C4A934219D354
:10555000A1F1B773A3F55853194A934214D3194BC9
:105560000B44194A934211D20722C0E70F22BEE72B
:105570000E22BCE70D22BAE70C22B8E70B22B6E7F1
:105580000A22B4E70922B2E70822B0E70622AEE712
:10559000405327FFFF340C00401E1BFF3F420F000B
:1055A0007F4F120020D6130060B6E5FE5FE31600C1
:1055B00000D3CEFE40771B00C05BB3FEC09121003C
:1055C00020753800E05459FEE09C4100836843F0A8
:1055D0000103836000207047836823F00103836028
:1055E0000020704782B000230193019B0133019397
:1055F000019BB3F1706F15D80369002BF5DA002316
:105600000193890141F020010161019B0133019364
:10561000019BB3F1706F08D8036913F0200FF4D128
:10562000002000E0032002B070470320FBE782B0B7
:1056300000230193019B01330193019BB3F1706F30
:1056400013D80369002BF5DA0023019310230361BB
:10565000019B01330193019BB3F1706F08D803697B
:1056600013F0100FF4D1002000E0032002B07047C7
:105670000320FBE7D0F800381943C0F800180020D9
:105680007047000084B0F8B5044607A880E80E0013
:10569000002306E003F1400204EB82020021516086
:1056A00001330E2BF6D99DF8266006BBD4F80438DA
:1056B00043F00203C4F80438A36B43F40013A3635C
:1056C000A36B23F40023A363A36B23F48023A363BE
:1056D0000023C4F8003E9DF82130012B15D19DF820
:1056E0001F306BB900212046FFF7C4FF11E0A36B08
:1056F00023F40013A363A36B43F40023A363E7E73E
:1057000001212046FFF7B6FF03E003212046FFF703
:10571000B1FF10212046FFF765FF054600B10125C6
:105720002046FFF784FF00B1012504F5006C00233B
:10573000CCF81030CCF81430CCF81C300AE0CBB9DF
:105740004FF00060C2F8000900220A614FF67F3274
:105750008A6001339DF81C10994210D904EB431262
:1057600002F51061D2F800090028E8DB0020C2F839
:105770000009E9E74FF09040C2F80009E4E7002390
:105780000AE0BBB14FF09047C2F8007B00220261F3
:105790004FF67F3282600133994210D904EB4312F5
:1057A00002F53060D2F8007B002FEADB0027C2F858
:1057B000007BEBE74FF00067C2F8007BE6E7DCF820
:1057C000103023F48073CCF810300023A3616FF005
:1057D000804363619DF81E301BB9A36943F0100339
:1057E000A361A2690B4B1343A3619DF822301BB147
:1057F000A36943F00803A361012E04D02846BDE845
:10580000F84004B07047A36943F0804343F00403B9
:10581000A361F3E700383C80D0F8083813F00603A2
:1058200007D0022B07D0062B01D00F207047022093
:105830007047002070470220704710B591F800C0F3
:105840004B78012B23D000F5006ED0F81C380CF0FB
:105850000F040122A24043EA0243C0F81C3800EBC7
:105860004C10D0F8003B13F4004F0ED1D0F8003BA1
:105870008A68C2F30A02097942EA8142134343F07B
:10588000805343F40043C0F8003B002010BDD0F823
:105890001C280CF00F0E03FA0EF39BB21343C0F852
:1058A0001C3800EB4C10D0F8003913F4004FECD149
:1058B000D0F800398A68C2F30A02097942EA8142C3
:1058C00042EA8C52134343F0805343F40043C0F840
:1058D0000039DAE730B40B784A78012A26D000EB99
:1058E0004313D3F8002B002A52DBD0F83C480A7847
:1058F00002F00F024FF0010C0CFA02F224EA02420D
:10590000C0F83C28D0F81C28097801F00F010CFAE7
:1059100001FC22EA0C42C0F81C28D3F8001B234AE1
:105920000A40C3F8002B002030BC704700EB431343
:10593000D3F80029002A1EDBD0F83C580A7802F080
:105940000F02012404FA02F292B225EA0202C0F820
:105950003C28D0F81C28097801F00F018C40A4B233
:1059600022EA0402C0F81C28D3F80019104A0A40A1
:10597000C3F80029D7E7D3F8002942F00062C3F842
:105980000029D3F8002942F08042C3F80029D3E768
:10599000D3F8002B42F00062C3F8002BD3F8002BA1
:1059A00042F08042C3F8002B9FE700BF0078F3EF7E
:1059B000007833EC10B483B002460023019348789A
:1059C00001280BD00B7802EB4313D3F8000B00280F
:1059D0002DDB002003B05DF8044B70470B7802EB21
:1059E0004313D3F80049002C01DB0020F2E7D3F881
:1059F000004944F00064C3F800490B7802EB4313FC
:105A0000D3F8004944F08044C3F80049019B0133B6
:105A10000193019C42F210739C42DBD80B7802EB9D
:105A20004313D3F80039002BF0DB0020D2E7D3F882
:105A3000000B40F00060C3F8000B0B7802EB43133F
:105A4000D3F8000B40F08040C3F8000B019B0133FA
:105A50000193019842F21073984208D80B7802EB38
:105A60004313D3F8003B002BF0DB0020B2E701200A
:105A7000B0E710B59DF8084084B903334FEA930EA0
:105A80004FF0000C08E000EB023303F5805351F8AF
:105A9000044B1C600CF1010CF445F4D3002010BD44
:105AA000F0B583B00C784B78012B2FD000EB441C61
:105AB0000CF530631D69ED0CED041D611D6925F0C9
:105AC000FF5525F4C0151D61002C40F0D2800C69F3
:105AD0000CB18C680C618C680C621D69C4F31204F3
:105AE0002C431C611C6944F400241C61012A00F051
:105AF000E3800B79012B00F0E580DCF8003B43F0FC
:105B00000443CCF8003B002003B0F0BD0B6983BB1D
:105B100000EB4413D3F8105925F0FF5525F4C015B8
:105B2000C3F81059D3F8105945F40025C3F810599B
:105B3000D3F81059ED0CED04C3F81059012A56D0D2
:105B400000EB4414D4F8003943F00443C4F800399E
:105B50000B79012B74D00B69002BD4D0D0F83438DA
:105B6000097801F00F0101228A401343C0F834384C
:105B7000C9E700EB441303F510631D69ED0CED0458
:105B80001D611D6925F0FF5525F4C0151D6184B9FF
:105B90000E698D68AE4200D90D611D6945F400257E
:105BA0001D611D690E69C6F3120C45EA0C051D61E5
:105BB000C4E70D698E683544013DB5FBF6F51E69F5
:105BC0001FFA85FC494F07EAC54535431D610D792C
:105BD000012DE6D11D6925F0C0451D611D694FEA03
:105BE0004C7C0CF0C04C45EA0C051D61D9E7CB6933
:105BF0001BB100EB4412C2F814390B79012B08D009
:105C000000EB4414D4F8003943F00443C4F80039DD
:105C100079E7D0F8083813F4807F08D100EB4412FC
:105C2000D2F8003943F00053C2F80039E8E700EB3E
:105C30004412D2F8003943F08053C2F80039DFE74C
:105C4000D0F8083813F4807F0CD1D4F8003943F031
:105C50000053C4F8003900920B8A0A78C968FFF72C
:105C600008FF50E7D4F8003943F08053C4F80039F6
:105C7000F1E70C6954B91C698D68C5F312052C4312
:105C80001C611C6944F400241C612FE78D682C44BE
:105C9000013CB4FBF5F4A4B204FB05F50D621D69EB
:105CA000124E06EAC4442C431C611C690D6AC5F3FC
:105CB00012052C431C6119E7CA68002A3FF419AF8A
:105CC0005A6116E7D0F8083813F4807F06D1DCF863
:105CD000003B43F00053CCF8003B0EE7DCF8003B00
:105CE00043F08053CCF8003B07E700BF0000F81FEB
:105CF00010B5844608464FEA920E02F003020023D4
:105D000005E00CF58051096840F8041B0133734528
:105D1000F7D37AB10CF5805CDCF800400021CBB2FF
:105D2000DB0024FA03F300F8013B0131013A92B29F
:105D3000002AF4D110BD0B784A78012A14D000EB68
:105D40004310D0F8002B002A06DB2BB1D0F8003B23
:105D500023F08043C0F8003BD0F8003B43F400132D
:105D6000C0F8003B0020704700EB4310D0F800293A
:105D7000002A06DB2BB1D0F8003923F08043C0F8AD
:105D80000039D0F8003943F40013C0F80039E9E7CE
:105D90000B784A78012A0ED000EB4310D0F8003B74
:105DA00023F40013C0F8003B0B79023BDBB2012B5C
:105DB00015D90020704700EB4310D0F8003923F4C8
:105DC0000013C0F800390B79023BDBB2012BF0D88D
:105DD000D0F8003943F08053C0F80039E9E7D0F833
:105DE000003B43F08053C0F8003BE2E7D0F80038B6
:105DF00023F4FE63C0F80038D0F80038090101F43C
:105E0000FE610B43C0F8003800207047D0F8003E18
:105E100023F00303C0F8003ED0F8043823F0020357
:105E2000C0F8043800207047D0F8003E23F0030388
:105E3000C0F8003ED0F8043843F00203C0F804383C
:105E4000002070474269806910407047D0F81838C8
:105E500000F50060C0691840000C7047D0F8183891
:105E600000F50060C069184080B2704700EB411136
:105E7000D1F8082B00F50060406910407047D0F859
:105E80001028D0F8343801F00F0C23FA0CF3DB01A2
:105E9000DBB2134300EB411000F51060806818403E
:105EA0007047406900F00100704738B50546C36887
:105EB00023F0C043C360012913D019BBC36843F06A
:105EC0008043C36000240A20FCF7D8FB0A3428462C
:105ED000FFF7E7FF08B1C72CF5D9C82C14D0002074
:105EE00038BDC36843F00053C36000240A20FCF7A8
:105EF000C5FB0A342846FFF7D4FF0128EDD0C72C94
:105F0000F4D9EAE70120EBE70120E9E7D0F800390E
:105F100023F4FF6323F00703C0F80039D0F80438F6
:105F200043F48073C0F804380020704710B4046C48
:105F3000154B9C4203D9D0F8003B002B16DB002404
:105F4000C0F8104BD0F8104B44F40024C0F8104BAC
:105F5000D0F8104B44F01804C0F8104BD0F8104B98
:105F600044F0C044C0F8104B012903D000205DF874
:105F7000044B7047C0F8142BD0F8003B43F080234B
:105F8000C0F8003BF2E700BF0A30544F10B5D0F81C
:105F9000D43203F1B00250F822408CB100EB820001
:105FA00043687BB194F80002FF280DD09B6894F8F9
:105FB000012221469847FF2384F80032002010BDBB
:105FC0000320FCE70020FAE70020F8E70A2303801B
:105FD000004870478C000020F8B506460F4F82211C
:105FE000384600F03FFC05460121384600F03AFCF7
:105FF00004468121384600F035FC0DB11022AA710B
:106000001CB1402222710022627118B1402202713B
:1060100000224271432333800048F8BD1000002065
:10602000F8B506460F4F8221384600F01BFC0546A6
:106030000121384600F016FC04468121384600F064
:1060400011FC0DB11022AA711CB140222271002254
:10605000627118B1402202710022427143233380E1
:106060000048F8BD10000020F8B506460F4F822109
:10607000384600F0F7FB05460121384600F0F2FBF8
:1060800004468121384600F0EDFB0DB11022AA71C3
:106090001CB1002222710222627118B10022027129
:1060A00002224271432333800048F8BD10000020D3
:1060B00038B5D0F8D432B03350F8235095B10446F7
:1060C00002F094F9C5F80C02D4F8D432B03304EBE2
:1060D00083046368DB6805F50371D5F8040298470B
:1060E000002038BD0320FCE738B5D0F8C852D0F8FE
:1060F000D432B03350F8234084B301F00F0303EBE4
:10610000830200EB820292694AB103EBC30C05EBF8
:106110008C05ED69B2FBF5FC05FB1C2292B1002356
:10612000C4F81432D0F8D432B03300EB83004368A3
:106130001B69ABB10A4604F50471D4F8080298470C
:10614000002038BD03EB830300EB830300249C6134
:106150002346224602F092F92046F2E70320F0E7B8
:106160000020EEE7F0B583B0D0F8D43203F1B002EE
:1061700050F8227000228DF80720ADF80420002F7F
:106180007BD004460D46097811F0600634D0202EED
:106190006CD1EA882AB311F0800F07D16B7887F8A9
:1061A0000032EA883F2A13D8D2B212E0B03300EBB3
:1061B00083035B689B68394668789847EA88072AB2
:1061C00028BF07223946204600F002FF002651E092
:1061D000402287F801223946204600F00EFF0026B3
:1061E00048E0B03300EB83035B689B6800222946DC
:1061F0006878984700263DE06F780B2F31D8DFE8AC
:1062000007F006393030303030303030162690F814
:106210009C32DBB2032B04D0294600F060FB03263E
:1062200028E0022201A900F0D3FE3E4622E090F8C9
:106230009C32DBB2032B04D0294600F050FB03262E
:1062400018E001220DF1070100F0C2FE12E090F803
:106250009C32DBB2032B0DD0294600F040FB032615
:1062600008E0294600F03BFB032603E0294600F046
:1062700036FB0326304603B0F0BD0326FAE738B5F7
:106280000446812102F0DAF8002525870121204605
:1062900002F0D4F8A4F878518221204602F0CEF81A
:1062A000A4F84C50A4F84E50D4F8D43203F1B00204
:1062B00054F822209AB1B03304EB83035B685B6827
:1062C0009847D4F8D432B03354F8230002F098F849
:1062D000D4F8D432B03344F82350C4F8BC52002070
:1062E00038BD70B504464FF4077002F085F80028F9
:1062F00049D005464FF40772002105F013F9D4F890
:10630000D432B03344F82350C4F8BC52237C002B61
:1063100041D14FF4007302228121204602F083F81C
:10632000012626874FF4007302223146204602F0F0
:106330007AF8A4F878611023A4F84E3008230322D9
:106340008221204602F06FF80123A4F84C30002689
:10635000C5F80462D4F8D432B03304EB83035B682D
:106360001B689847C5F81462C5F81862D5F804226E
:1063700062B3257C1DBB4FF400730121204602F05F
:1063800085F8284670BDD4F8D432B033002244F8E2
:1063900023200225F5E7402302228121204602F036
:1063A00042F801262687402302223146204602F089
:1063B0003AF8A4F878611023A4F84E30BEE74023E1
:1063C0000121204602F062F80025DAE70225D8E72D
:1063D00039B1D0F8D432B03300EB830041600020F3
:1063E000704703207047D0F8D432B03350F82330D0
:1063F0002BB1C3F80812C3F8102200207047032005
:106400007047D0F8D432B03350F823301BB1C3F802
:106410000412002070470320704708B5D0F8D4322A
:10642000B03350F823208AB1D2F814320BB10120D6
:1064300008BD0123C2F81432D2F81032C362D2F878
:106440000822812102F01AF80020F1E70320EFE78B
:1064500010B5D0F8D432B03350F8232092B1047C78
:1064600044B94FF40073D2F80422012102F00EF86F
:10647000204610BD4023D2F80422012102F006F884
:106480000024F5E70324F3E798B108B5034600209C
:10649000C3F8B802C3F8C402C3F8D00209B1C3F804
:1064A000B412012183F89C121A70184601F054FFAF
:1064B00008BD0320704710B582B00023ADF8063048
:1064C00089B10446C0F8B812CB6A23B10DF10600B9
:1064D0009847C4F8D002D4F8D8320133C4F8D8327F
:1064E000002002B010BD0320FBE708B501F093FFC8
:1064F00008BD08B5D0F8B83213B11B68984708BD7D
:106500000020FCE708B5D0F8B8325B68984700B9BE
:1065100008BD0320FCE738B5044600F2AA2528464A
:1065200000F0C9F90123C4F89432B4F8B032C4F8C9
:10653000983294F8AA1201F01F03012B0DD0022B00
:1065400010D02BB101F08001204601F07FFF03E065
:106550002946204600F084FB38BD2946204600F03D
:10656000BAFBF9E72946204600F0F7FBF4E7F8B557
:106570000446012380F89C320023C0F89432436023
:10658000C0F8A43280F8A032D0F8B832DBB15B6832
:10659000DBB1002198470746C8B9402300221146C5
:1065A000204601F040FF0126A4F864614025C4F8AC
:1065B00060512B4600228021204601F034FFA68442
:1065C00025623846F8BD0027E7E70027E5E70327FF
:1065D000E3E701740020704790F89C32DBB2042B93
:1065E00004D090F89C32DBB280F89D32042380F80E
:1065F0009C320020704790F89C32DBB2042B01D013
:106600000020704790F89D32DBB280F89C32F7E7AB
:1066100008B590F89C32DBB2032B01D0002008BDF6
:10662000D0F8B832002BF9D0DB69002BF6D09847B0
:10663000F4E708B5D0F8D432AE3350F823205AB17D
:1066400090F89C32DBB2032B01D0002008BD136A06
:1066500023B198470020F9E70320F7E70020F5E78A
:1066600008B5D0F8D432AE3350F823205AB190F8A0
:106670009C32DBB2032B01D0002008BD536A23B14A
:1066800098470020F9E70320F7E70020F5E700200E
:10669000704708B5012380F89C32D0F8B83223B196
:1066A0005B680179984710B908BD0020FCE703201A
:1066B000FAE7002070470020704738B504460D46C1
:1066C000002943D11346D0F89422032A01D008466A
:1066D00038BDD0F85C11D0F86021914212D890F802
:1066E000AA3203F01F03012B17D0022B1CD028461F
:1066F00094F89C32DBB2032B1BD0204600F094FCB4
:106700002846E5E7891AC0F85C118A4228BF0A4684
:10671000194600F081FC2846DAE790F8AE12FFF740
:10672000C8FF0028E9D1E3E790F8AE12FFF7C3FFF6
:10673000F7E700F1AE0354F823301A69002ADCD0E1
:10674000C4F8D4021B6920469847D6E701F07F01C0
:10675000FFF7B1FF90B994F89C32DBB2032BB7D1AD
:1067600000F1AE0354F823309A69002AB0D0C4F87F
:10677000D4029B69294620469847A9E70020A7E74D
:1067800038B504460D4600294BD11346D0F8942263
:10679000022A07D094F8A00218B1002384F8A0328E
:1067A000284638BDC269016A8A420ED88A4218D08A
:1067B00094F89C32DBB2032B27D08021204601F0D5
:1067C00045FE204600F03BFCE4E7521AC261194640
:1067D00000F00BFC00231A461946204601F056FE35
:1067E000D8E783699942E3D8D0F898229342DFD260
:1067F0000022114600F0F9FB0021C4F898120B4664
:106800000A46204601F042FEC4E7D4F8B832DA68FE
:10681000002AD2D00022C4F8D422DB682046984750
:10682000CBE741F08001FFF746FF90B994F89C3226
:10683000DBB2032BB5D100F1AE0354F823305A6913
:10684000002AAED0C4F8D4025B6929462046984796
:10685000A7E70020A5E70B88027813440B80037894
:1068600018447047428803789A4218D930B583B0EB
:1068700004460D46ADF806306388BDF806209A42FE
:106880000AD20DF10601FFF7E6FF4378052BF3D19D
:106890008378AB42F0D100E0002003B030BD00208F
:1068A00070470346002002E00130C0B201331A787D
:1068B000002AF9D170470B7803704B7843708B78BE
:1068C000CA7843EA022343800B794A7943EA0223D8
:1068D00083808B79CA7943EA0223C380704710B55D
:1068E0000446802101F0B2FD0021204601F0AEFDFA
:1068F00010BD30B583B004460D460023ADF8063018
:106900004A88130A013B062B00F2AB80DFE803F054
:10691000041F33A9A98D9A00D0F8B4321B680DF179
:106920000601007C9847EA88002A00F0A380BDF8A1
:106930000630002B00F099809A4228BF1A46ADF825
:1069400006200146204600F043FB03B030BD037C27
:1069500043B9D0F8B8329B6A0DF10600984702237C
:106960004370E0E7D0F8B832DB6A0DF106009847D3
:1069700002234370D7E7D2B2052A52D8DFE802F0EB
:1069800003101D2A3744D0F8B4325B6823B10DF1EF
:106990000601007C9847C6E72946FFF7A0FFD4E729
:1069A000D0F8B4329B6823B10DF10601007C984702
:1069B000B9E72946FFF793FFC7E7D0F8B432DB68A1
:1069C00023B10DF10601007C9847ACE72946FFF79B
:1069D00086FFBAE7D0F8B4321B6923B10DF1060186
:1069E000007C98479FE72946FFF779FFADE7D0F88D
:1069F000B4325B6923B10DF10601007C984792E740
:106A00002946FFF76CFFA0E7D0F8B4329B6923B1A9
:106A10000DF10601007C984785E72946FFF75FFFE7
:106A200093E72946FFF75BFF8FE7037C33B9D0F884
:106A3000B8325B6B0DF10600984774E72946FFF703
:106A40004EFF82E7037C43B9D0F8B8321B6B0DF1DF
:106A5000060098470723437065E72946FFF73FFF85
:106A600073E72946FFF73BFF6FE729462046FFF70C
:106A700036FF6AE7204600F0D7FA66E738B50446E5
:106A80008B88FBB9CB88EBB94B887F2B1AD803F0E6
:106A90007F0590F89C32DBB2032B0CD080F89E521D
:106AA000294601F0E3FC204600F0BEFA35B102238E
:106AB00084F89C3209E0FFF712FF06E0012384F816
:106AC0009C3202E02046FFF70AFF38BD70B504464D
:106AD0000E468D782F4B1D70012D10D890F89C32EA
:106AE000DBB2022B0FD0032B26D0FFF7F8FE294B89
:106AF00019782046FFF706FD0325284670BDFFF7ED
:106B0000EEFE0325F9E7A5B145602946FFF7F1FC44
:106B1000054638B131462046FFF7E1FE022384F8EE
:106B20009C32EAE7204600F07FFA032384F89C3287
:106B3000E3E700F079FAE0E7CDB141688D4225D076
:106B4000C9B2FFF7DFFC134B197861602046FFF7ED
:106B5000D0FC0546B0B131462046FFF7C0FE217992
:106B60002046FFF7CFFC022384F89C32C5E70223BE
:106B700080F89C3245602946FFF7C4FC204600F0AF
:106B800053FABAE7204600F04FFAB6E700F04CFAA5
:106B90000025B2E7B80C002008B5CB88012B0BD13B
:106BA00090F89C32DBB2022B09D9032B09D10122C8
:106BB000011D00F00DFA01E0FFF791FE08BD5BB288
:106BC00013B9FFF78CFEF9E70146002341F8083FAF
:106BD000012200F0FDF9F1E708B590F89C32013B85
:106BE000022B12D8CB88022B0CD10123C360D0F822
:106BF000A4320BB10323C360022200F10C0100F0A8
:106C0000E7F908BDFFF76BFEFBE7FFF768FEF8E763
:106C100008B54B88012B04D0022B07D0FFF75FFE8D
:106C200008BDC0F8A43200F0FFF9F9E78B881B0A11
:106C300080F8A03200F0F8F9F2E708B590F89C323D
:106C4000013B022B09D84B88012B00D008BD002343
:106C5000C0F8A43200F0E8F9F8E7FFF740FEF5E7E6
:106C600038B50C7804F06004202C06D0402C04D0F9
:106C70006CB1FFF734FE002407E0D0F8D432AE3315
:106C800050F823309B6898470446204638BD4D781D
:106C9000092D1DD8DFE805F012191C161C08051C6B
:106CA0000F0BFFF726FEF0E7FFF7E8FEEDE7FFF733
:106CB0000DFF0446E9E7FFF76FFFE6E7FFF78CFFFC
:106CC0002C46E2E7FFF7A4FFDFE7FFF7B6FFDCE7BC
:106CD000FFF705FED9E770B505460C460B7803F0C3
:106CE0006003202B07D0402B05D023B1FFF7F7FD21
:106CF0000026304670BD95F89C32013B022B26D809
:106D00002179012905D921462846FFF7E8FD00260B
:106D1000EFE72846FFF7CDFC68B900F1AE0255F861
:106D20002220916889B1C5F8D4029368214628468B
:106D30009847064600E00326E388002BD9D1002EB1
:106D4000D7D1284600F070F9D3E70326F4E72146AF
:106D50002846FFF7C4FD0026CBE72DE9F0410646A3
:106D60000D468B88DFB20C7804F06004202C08D02C
:106D7000402C06D0DCB1FFF7B2FD00242046BDE870
:106D8000F08139463046FFF796FC0446002840F073
:106D9000F880C6F8D40200F1AE0356F823309B68A1
:106DA000002BEBD02946304698470446E6E791F899
:106DB0000180B8F1010F31D0B8F1030F05D0B8F15F
:106DC000000F67D0FFF78BFDD8E790F89C32DBB25D
:106DD000022B04D0032B12D0FFF781FDCEE70FB1B9
:106DE000802F04D129463046FFF779FDC6E73946A2
:106DF00001F02CFB8021304601F028FBBEE74B88D8
:106E000023B91FB1802F01D0CB881BB1304600F0D1
:106E10000BF9B3E7394601F019FBF7E790F89C321C
:106E2000DBB2022B04D0032B12D0FFF758FDA5E7ED
:106E30000FB1802F04D129463046FFF750FD9DE762
:106E4000394601F003FB8021304601F0FFFA95E757
:106E50004B88002B92D117F07F0F17D1304600F0EE
:106E6000E3F839463046FFF726FC002886D1C6F8FD
:106E7000D40200F1AE0256F822209268002A00F0F7
:106E80008280294630469047044677E7394601F02C
:106E9000E5FAE3E790F89C22D2B2022A05D0032A51
:106EA00027D0FFF71CFD444668E70FB1802F13D1B0
:106EB00013F0800F14D107F07F0707EB8707B900A5
:106EC00001F5A8713144043100230B6002223046E1
:106ED00000F07EF8444651E7FFF701FD44464DE7D8
:106EE00007F07F0707EB8707B90010313144043101
:106EF000EAE75BB2002B1FDB07F00F0202EB820216
:106F000000EB8202B2F864211AB3002B25DB07F0F4
:106F10007F0303EB83039C0004F5A874344404341A
:106F20000FB1802F22D10023236002222146304658
:106F300000F04EF8444621E707F00F0202EB820210
:106F400000EB8202928C002ADFD1FFF7C8FC444696
:106F500014E7FFF7C4FC444610E707F07F0303EB98
:106F600083039C00103434440434D9E73946304656
:106F700001F026FA10B101232360D6E70023236035
:106F8000D3E70024FAE60446F8E600B370B50D46F0
:106F900016460446FFF785FC01304300B3F5007F39
:106FA00006D89BB233802B7003236B7002230AE058
:106FB0004FF40073F6E7EA5401345A1CD2B20021B0
:106FC000A9540233DBB22278002AF4D170BD704795
:106FD00008B513460222C0F894228361C3610A46B1
:106FE000002101F04BFA002008BD08B513460A46FF
:106FF000002101F043FA002008BD08B51346032222
:10700000C0F89422C0F85831C0F85C310A4600211B
:1070100001F03CFA002008BD08B513460A460021DD
:1070200001F034FA002008BD08B50422C0F894220B
:1070300000231A46194601F021FA002008BD08B5C0
:107040000522C0F8942200231A46194601F01EFAC0
:10705000002008BD842801D003307047002070470D
:1070600008B500F063FD002008BD2DE9F04387B0AE
:107070000E464469C4B18569B5B14768D0F800804F
:10708000D0F81090B0F90800FFF7E4FF02950194E2
:10709000009033464A464146384600F0D7FC0590FA
:1070A000059807B0BDE8F083446805680769B0F942
:1070B0000800FFF7CFFF05AB019300903346BAB24B
:1070C0002946204600F0FFFC0128E9D00020E8E72F
:1070D00008B500B9012000F0D3FE002008BD00F182
:1070E000080343604FF0FF328260C36003610023F6
:1070F0000360704700230361704743684B609A68E0
:107100008A605160996008610368013303607047C9
:1071100030B40D68B5F1FF3F11D000F108031C46F3
:107120005B681A68AA42FAD963684B6099608C6000
:107130006160086103680133036030BC7047046913
:10714000F2E70369416882688A60416851605A6861
:10715000824206D0002202611A68013A1A60186859
:10716000704782685A60F5E782B0002301930D4BA7
:107170001B68B3F1FF3F08D04FF0500383F3118831
:10718000BFF36F8FBFF34F8FFEE74FF0500383F3D2
:107190001188BFF36F8FBFF34F8F019B002BFCD083
:1071A00002B070479800002008480068006880F32B
:1071B00008884FF0000080F3148862B661B6BFF310
:1071C0004F8FBFF36F8F00DF00BF000008ED00E0BE
:1071D000DFF80C00016841F47001016070470000A5
:1071E00088ED00E04FF0807340F8043C21F001018D
:1071F00040F8081C054B40F80C3C40F8202C6FF080
:10720000020340F8243C4438704700BF697100080D
:10721000074B19680868B0E8F04F80F30988BFF39E
:107220006F8F4FF0000080F311887047AFF300803C
:107230000C4A00204FF0500383F31188BFF36F8F87
:10724000BFF34F8F0B4A136801331360012B00D03B
:1072500070474FF0E023D3F8043D13F0FF0FF7D051
:107260004FF0500383F31188BFF36F8FBFF34F8F3D
:10727000FEE700BF98000020094B1B6843B94FF0A0
:10728000500383F31188BFF36F8FBFF34F8FFEE777
:10729000013B034A13600BB983F31188704700BFA9
:1072A0009800002000000000000000000000000026
:1072B000EFF30980BFF36F8F154B1A681EF0100FA4
:1072C00008BF20ED108A20E9F04F10602DE9090079
:1072D0004FF0500080F31188BFF34F8FBFF36F8FD3
:1072E00000F0F4FD4FF0000080F3118809BC19682C
:1072F0000868B0E8F04F1EF0100F08BFB0EC108A1D
:1073000080F30988BFF36F8F704700BFAFF3008031
:107310000C4A002008B54FF0500383F31188BFF3E7
:107320006F8FBFF34F8F00F051FC28B14FF0E02377
:107330004FF08052C3F8042D002383F3118808BD59
:107340004FF0E022002313619361054B1B68054950
:10735000A1FB03139B09013B536107231361704792
:1073600004000020D34D62104FF0E023D3F8002D2D
:107370003D4B9A421CD04FF0E023D3F8002D3B4BFD
:107380009A421ED030B583B0394B1A78D2B20192EE
:10739000FF221A701B78DBB28DF803309DF80330A2
:1073A00003F05003334A1370334B07221A601BE07B
:1073B0004FF0500383F31188BFF36F8FBFF34F8FEC
:1073C000FEE74FF0500383F31188BFF36F8FBFF3D5
:1073D0004F8FFEE7284A1368013B13609DF8033086
:1073E0005B00DBB28DF803309DF8033013F0800FA3
:1073F000F0D1214B1B68032B08D04FF0500383F3CF
:107400001188BFF36F8FBFF34F8FFEE71B021A4A3D
:10741000136003F4E0631360019BDBB2144A137042
:107420004FF0E024D4F8203D43F47003C4F8203D2D
:10743000D4F8203D43F07043C4F8203DFFF780FFAF
:1074400000250E4B1D60FFF7C3FED4F8343F43F018
:107450004043C4F8343FFFF7A7FE00F037FDFFF7C5
:1074600083FE284603B030BD71C20F4170C20F4188
:1074700000E400E0C00C0020BC0C002098000020BC
:10748000124A12F0070F1ED0D11D21F00701C1F5DD
:10749000705313440A460E480260002141601344B1
:1074A000083B23F007030B48036059601960991AE1
:1074B00051601360084B1960084B1960084B4FF07E
:1074C00000421A6070474FF47053E4E7E40C002068
:1074D000DC0C0020D80C0020D00C0020D40C0020A4
:1074E000C40C0020164B1A461B688342FBD351681C
:1074F00002EB010C844509D0416800EB010C6345A7
:1075000009D00360904219D0106070474068014470
:1075100051601046F0E710B40A4C2468A3420BD027
:107520005B681944416013681B680360904200D097
:1075300010605DF8044B70470460F7E7704700BFC8
:10754000DC0C0020D80C002038B5044600F030FBDD
:10755000384B1B68B3B1384B1B681C4250D1002C10
:1075600050D004F1080214F0070F02D022F00702F5
:107570000832002A55D0314B1B68934253D330490F
:107580000C6804E0FFF77CFFE5E721461C466368D2
:10759000934202D22368002BF7D1264B1B68A342EB
:1075A00043D00D68083523680B6063689B1A102B65
:1075B00010D9A01810F0070F08D04FF0500383F334
:1075C0001188BFF36F8FBFF34F8FFEE74360626098
:1075D000FFF788FF626819490B689B1A0B6019490D
:1075E00009688B4201D217490B60134B1B68134388
:1075F000636000232360144A13680133136002E0C0
:10760000002500E0002500F06DFB15F0070F0ED0FF
:107610004FF0500383F31188BFF36F8FBFF34F8F89
:10762000FEE70025EFE70025EDE70025EBE728461C
:1076300038BD00BFD80C0020C40C0020D40C0020A2
:10764000DC0C0020D00C0020CC0C0020002834D012
:1076500038B50446A0F1080550F8043C174A1268F2
:10766000134208D14FF0500383F31188BFF36F8F9B
:10767000BFF34F8FFEE750F8081C41B14FF05003A5
:1076800083F31188BFF36F8FBFF34F8FFEE723EAB9
:10769000020340F8043C00F08BFA54F8041C084A3A
:1076A00013680B4413602846FFF71CFF054A136854
:1076B0000133136000F016FB38BD7047C40C002086
:1076C000D40C0020C80C0020084B1B681B6823B991
:1076D000074B4FF0FF321A607047044B1B68DB68A2
:1076E000DB685A68024B1A60704700BF544900209B
:1076F000EC4800202DE9F04707469846089DDDF844
:1077000024900A9C266B02F18042013A06EB820625
:1077100026F00706002964D008464FF0000CBCF1A3
:107720000F0F09D810F80C2004EB0C0383F8342059
:1077300012B10CF1010CF2E7002384F84330062D5E
:1077400000D90625E56265644FF0000AC4F848A038
:10775000201DFFF7CFFC04F11800FFF7CBFC2461DC
:10776000C5F10705A5616462C4F870A184F874A12D
:107770004FF49072514604F1500003F0D3FE1B4BBE
:10778000636503F16802A265D033E365012200233B
:10779000C4E93A2343F20E33A4F8F0304AF6CD336D
:1077A000A4F8F23041F23423A4F8F4304EF26D63C1
:1077B000A4F8F6304DF6EC63A4F8F8300523A4F8ED
:1077C000FA300B23A4F8FC30424639463046FFF726
:1077D00009FD2060B9F1000F01D0C9F80040BDE8F3
:1077E000F087002384F83430A9E700BFD46C002070
:1077F00038B5002407E004EB840293000E481844D7
:10780000FFF76DFC0134062CF5D90C4D2846FFF727
:1078100066FC0B4C2046FFF762FC0A48FFF75FFC52
:107820000948FFF75CFC0948FFF759FC084B1D604D
:10783000084B1C6038BD00BF804900206C49002007
:10784000584900203C4900202849002010490020C8
:10785000544900205049002010B50446FFF7EAFCC7
:10786000214A136801331360204B1B685BB1204B26
:107870001B686BB91D4B1B68DA6AE36A9A4207D82A
:107880001A4B1C6004E0194B1C601368012B28D0B4
:10789000184A136801331360E06A01238340164AD3
:1078A00011680B43136000EB8000211D134B03EBA9
:1078B0008000FFF722FCFFF7DFFC0D4B1B687BB15C
:1078C0000A4B1B68DA6AE36A9A4209D24FF0E02356
:1078D0004FF08052C3F8042DBFF34F8FBFF36F8F6B
:1078E00010BDFFF785FFD3E70C4900200C4A0020AC
:1078F00000490020F0480020044900208049002071
:1079000010B50446503003F047FE94F8753163B16A
:10791000012B11D0022B0ED04FF0500383F31188AE
:10792000BFF36F8FBFF34F8FFEE7206BFFF78EFE25
:107930002046FFF78BFE10BD2046FFF787FEFAE7D3
:107940000F4B1B68D3B110B5FFF774FC0D4BDB6810
:10795000DC68201DFFF7F5FB0B4A1368013B136041
:10796000074A1368013B1360FFF786FC2046FFF7C8
:10797000C7FF034B1B68002BE6D110BD704700BF4B
:1079800024490020284900200C49002008B5FFF7B1
:10799000D7FF074B1B68012BF9D94FF0E0234FF0BD
:1079A0008052C3F8042DBFF34F8FBFF36F8FEEE704
:1079B0008049002070B504460D461D4B1E681D4BC6
:1079C00018680430FFF7BDFB48B91A4B1B68DB6A27
:1079D00001229A4018490B6823EA02030B60B4F1B4
:1079E000FF3F0DD03444134B1B685C60A64210D996
:1079F000124B18680F4B19680431FFF789FB70BDF3
:107A0000002DEFD00B4B196804310D48FFF775FBC3
:107A1000F5E70C4B1868074B19680431FFF778FB42
:107A2000094B1B68A342EAD9074B1C60E7E700BF7C
:107A3000084900200C4A0020044900205049002039
:107A40001049002054490020EC48002030B587B090
:107A50000B9C8CB10C9DC5B14FF4BC750495049D75
:107A6000B5F5BC7F1AD04FF0500383F31188BFF3F4
:107A70006F8FBFF34F8FFEE74FF0500383F31188F2
:107A8000BFF36F8FBFF34F8FFEE74FF0500383F3C9
:107A90001188BFF36F8FBFF34F8FFEE7049D0C9DDE
:107AA0002C63022485F8754100240394029505ACEB
:107AB00001940A9C0094FFF71DFE0C98FFF7CCFE82
:107AC000059807B030BD2DE9F04385B007468846DC
:107AD00014461E469000FFF737FD10B381464FF461
:107AE000BC70FFF731FD0546A8B1C0F83090002307
:107AF00080F87531039302900D9B01930C9B0093CA
:107B00003346224641463846FFF7F4FD2846FFF744
:107B1000A3FE012007E04846FFF798FD4FF0FF3035
:107B200001E04FF0FF3005B0BDE8F08310B588B03C
:107B300000240594069407AA06A905A8FAF724FAD2
:107B4000059B0293069B019300942346079A1049D4
:107B50001048FFF77BFF104B1860B8B14FF050038F
:107B600083F31188BFF36F8FBFF34F8F0B4B1B68ED
:107B700050330B4A13600B4B4FF0FF321A600A4B25
:107B800001221A60094B1C60FFF7EEFB08B010BD24
:107B9000F8BA00088D790008E84800200C4A002057
:107BA000F0050020EC480020004900200849002092
:107BB000024A136801331360704700BFE448002095
:107BC000014B1868704700BF08490020F8B53A4BD0
:107BD0001B68002B69D1394B1D6801351D60C5B983
:107BE000374B1B681B6843B14FF0500383F3118878
:107BF000BFF36F8FBFF34F8FFEE7314A1168314BF0
:107C0000186810601960304A136801331360FFF779
:107C10005BFD2E4B1B68AB423DD900272C4B1B68EC
:107C2000DB6A03EB83039A002A4B9B58012B00D994
:107C30000127294B1B68002B3CD001273AE0012784
:107C40001F4B1B681B6843B31D4B1B68DB68DC685C
:107C500063689D4226D3261D3046FFF772FAA36A59
:107C60001BB104F11800FFF76CFAE36A01229A4095
:107C70001A49086802430A6003EB83039A003146FD
:107C800014481044FFF739FAE26A114B1B68DB6AAB
:107C90009A42D4D2D4E70027D2E70C4B4FF0FF3200
:107CA0001A60BBE7094A1360B8E70D4A136801334D
:107CB000136000273846F8BDE4480020084900203A
:107CC0005449002050490020F4480020EC4800208E
:107CD0000C4A002080490020F84800200449002078
:107CE000FC48002038B5354B1B6843B94FF05003B2
:107CF00083F31188BFF36F8FBFF34F8FFEE7FFF75A
:107D000099FA2E4B1A68013A1A601B68002B4FD162
:107D10002B4B1B680BB900244BE00024294B1B683C
:107D20001BB3284BDB68DC6804F11800FFF709FA85
:107D3000251D2846FFF705FAE06A01238340224A01
:107D400011680B43136000EB800029461F4B03EBC7
:107D50008000FFF7D2F9E26A1D4B1B68DB6A9A428A
:107D6000DCD31C4B01221A60D8E70CB1FFF7ACFC46
:107D7000194B1C6884B9174B1C68D4B14FF0E02331
:107D80004FF08052C3F8042DBFF34F8FBFF36F8FB6
:107D900001240EE0013C07D0FFF718FF0028F9D0BE
:107DA0000C4B01221A60F5E70B4B00221A60E2E748
:107DB0000024FFF761FA204638BD00BFE4480020E8
:107DC0000C4900203C490020044900208049002043
:107DD0000C4A0020F8480020FC48002038B558B173
:107DE0000C46054689B94FF0500383F31188BFF361
:107DF0006F8FBFF34F8FFEE74FF0500383F311886F
:107E0000BFF36F8FBFF34F8FFEE71B4B1B6843B170
:107E10004FF0500383F31188BFF36F8FBFF34F8F81
:107E2000FEE7FFF7C5FE154B18682B681C4483421C
:107E300009D9A34201D82C600EE0A04201D32C60E6
:107E40000AE02C6004E0A34201D8A04212D22C60C8
:107E50000021201AFFF7AEFDFFF744FF48B94FF0AD
:107E6000E0234FF08052C3F8042DBFF34F8FBFF3D0
:107E70006F8F38BD2C60EFE7E448002008490020F0
:107E800010B5A8B10446104B1B6843B14FF0500326
:107E900083F31188BFF36F8FBFF34F8FFEE7FFF7B8
:107EA00087FE00212046FFF785FDFFF71BFF48B93D
:107EB0004FF0E0234FF08052C3F8042DBFF34F8FF3
:107EC000BFF36F8F10BD00BFE4480020224B1B683A
:107ED0001BB1224B01221A607047204B00221A600E
:107EE0001F4B1B68B3FA83F3DBB2C3F11F0303EB31
:107EF00083018A001B498A5842B94FF0500383F32B
:107F00001188BFF36F8FBFF34F8FFEE7154803EB68
:107F100083018A00024451684968516003EB830C75
:107F20004FEA8C020832024491420DD003EB8303E6
:107F30009A000C4B13445B68DA680B4B1A601B68A1
:107F400050330A4A13607047486862469100054AF8
:107F50000A445060EAE700BFE4480020F8480020E7
:107F600004490020804900200C4A0020F005002030
:107F700008B500220F491048FEF786FA70B90F497C
:107F80000D48FEF798FA60B90D490B48FEF720FA44
:107F900050B90948FEF7A9FA48B908BDFAF7C4F87C
:107FA000EDE7FAF7C1F8EFE7FAF7BEF8F1E7FAF70D
:107FB000BBF8F2E7E4000020104A00205400002043
:107FC0009C00002000207047002070470020704770
:107FD00038B50446096802F02BF8054D21462846BD
:107FE000FEF70FFA2846FEF733FA002038BD00BF2F
:107FF000104A002010B5064C002206492046FEF724
:10800000F2F905492046FEF7FCF9002010BD00BF3B
:10801000104A0020EC4C0020EC540020F8B5064635
:108020000F460D4BD3F8BC52FAF722FB0446D5F8A5
:10803000143233B1FAF71CFB001B1428F7D90120C6
:1080400008E0054C3A4631462046FEF7CCF920467A
:10805000FEF7E3F9F8BD00BF104A002012230B80A1
:1080600000487047D000002004230B800048704770
:10807000CC000020002393421ED200B510E00CF18A
:10808000370C01F813C000014FEA430C0CF1010C4E
:108090004FF0000E01F80CE00133DBB2934209D23D
:1080A0004FEA107CB0F1204FE9D20CF1300C01F80E
:1080B00013C0E8E75DF804FB7047000038B50B4BD0
:1080C000D3F8100AD3F8144AD3F8183AC01800D1DC
:1080D00038BD074D08222946FFF7CCFF042205F1E1
:1080E00010012046FFF7C6FFF2E700BF0070FF1F38
:1080F000B200002008B51A230B80FFF7DFFF01480C
:1081000008BD00BFB000002008B50A4628B90549DF
:108110000548FEF73AFF034808BD02490248FEF74A
:1081200034FFF8E7EC5C002000BB000810B50A46FD
:10813000034C21460348FEF728FF204610BD00BF30
:10814000EC5C002018BB000808B50A4628B90549B0
:108150000548FEF71AFF034808BD02490248FEF72A
:1081600014FFF8E7EC5C002020BB000808B50A46C5
:1081700028B905490548FEF708FF034808BD02492C
:108180000248FEF702FFF8E7EC5C00202CBB000879
:108190002DE9F0438FB0002309930A930B930C93BE
:1081A0000D930368B3F1A04F02D00FB0BDE8F08388
:1081B000002501952E4C236B43F001032363236BB1
:1081C00003F001030193019B04950595069507951E
:1081D00008954FF48058CDF81080012305930226AE
:1081E0000696244F04A93846FBF706F93220FAF721
:1081F00045FA0295236B43F001032363236B03F0DD
:1082000001030293029BCDF81080059606964FF06D
:108210000309CDF81C904FF00A08CDF8208004A97E
:108220003846FBF7E9F84FF400630493059606958A
:10823000CDF81C90CDF8208004A93846FBF7DCF877
:10824000636B43F0800363630395636C43F4804383
:108250006364636C03F480430393039B2A46052104
:108260004320FAF74FFE4320FAF75CFE9DE700BF7C
:10827000003802400000024008B500F29C41D0F8EE
:10828000E004FEF748F908BD08B501EBC10300EBB7
:108290008303D3F86022D0F8E004FEF70EFA08BD9D
:1082A00008B501EBC10300EB83031A6AD0F8E004C0
:1082B000FEF766FA08BD08B5D0F8E004FEF7A8F9A5
:1082C00008BD10B50446C17911B1022909D10121B7
:1082D000D4F8E004FEF77DF9D4F8E004FEF747F99E
:1082E00010BDF9F721FF0121F2E7000010B50446A7
:1082F000D0F8E004FEF770F92268D2F8003E43F0AF
:108300000103C2F8003EE37A23B1034A136943F044
:108310000603136110BD00BF00ED00E008B5D0F802
:10832000E004FEF768F908BD08B5D0F8E004FEF7F0
:1083300097F908BD08B5D0F8E004FEF77AF908BD52
:1083400008B5D0F8E004FEF7A2F908BD08B5D0F8EA
:10835000E004FEF79EF908BD02780AB100207047DC
:1083600010B503461548C0F8E034C3F8C8024FF012
:10837000A0430360042303710222C27100238371AE
:1083800042728372C37203738373C373FBF792F9F0
:1083900080B90A4C80212046FBF759FF402200217A
:1083A0002046FBF72EFF802201212046FBF729FF04
:1083B000002010BDF9F7B8FEEBE700BF0C6100200C
:1083C000D0F8C83211F0800F08D101F07F0101EB25
:1083D000C10103EB810393F85602704701F07F015E
:1083E00001EBC10103EB8103987D704708B5D0F81C
:1083F000C802FBF763FB08BD00487047EC5E002035
:108400007047032805D8DFE800F0050402050120C5
:1084100070470320704708B5D0F8C802FBF7CBF9C6
:10842000FFF7EFFF08BD08B594461A466346D0F83B
:10843000C802FBF7A0FAFFF7E4FF08BD08B5D0F8C3
:10844000C802FBF7DEFAFFF7DCFF08BD08B5D0F87D
:10845000C802FBF761FBFFF7D4FF08BD08B5D0F8F1
:10846000C802FBF79CFBFFF7CCFF08BD08B5D0F8AE
:10847000C802FBF76DFAFFF7C4FF08BD08B5D0F8D6
:10848000C802FBF724FBFFF7BCFF08BD08B5D0F816
:10849000C802FBF7EEFAFFF7B4FF08BD03781BB97B
:1084A0000123037018467047002070470346007888
:1084B00028B15A7812B901225A70704700207047CB
:1084C0000346007818B1587808B100225A707047F6
:1084D0000346007868B1587858B100221A669A6647
:1084E000DA659A645A665A649A63DA631A640122F6
:1084F0009A7070470346007878B1587868B19878D8
:1085000058B100221A669A66DA659A645A665A6405
:108510009A63DA631A6400229A70704703460078FF
:10852000D8B10A685A604A689A608A68DA60CA688C
:108530001A610A695A614A699A618A69DA61CA6983
:108540001A620A6A5A624A6A9A628A6ADA62CA6A6B
:108550001A6391F8302083F834207047034600787E
:1085600008B183F834107047012800D070474FF6E7
:10857000FF739942FAD10F4A00231370537093701E
:10858000C2F80330C2F80730D360136153619361BE
:108590000949D161094A137053709370C2F80330CE
:1085A000C2F80730D360136153619361044BD36108
:1085B000DCE700BF1066002068070020F06500209F
:1085C0004007002030B58BB00446007800283FD12A
:1085D000E3691B681F4A934204D01F4A93421CD090
:1085E0000BB030BD002300930193029303930493D7
:1085F000012508950693079505930E23099369466F
:10860000E069FAF7F5F80221E069FAF7E5FAE069BE
:10861000FAF78AF925702846E2E7002300930193D0
:1086200002930393012504950895069307950E235D
:10863000059309936946E069FAF7DAF81021E069D1
:10864000FAF7CAFAE069FAF76FF925702846C7E722
:108650000020C5E700640040006800400346007841
:1086600028B15A7812B901225A7070470020704719
:1086700038B505782DB10446457815B1837813B126
:108680000025284638BDC069FAF74EF90123A370CA
:10869000F7E7000030B589B005786DB1044645783C
:1086A00055B1857845B1C06903680E4A934206D03A
:1086B0000D4A93420CD00025284609B030BD04F184
:1086C000100301AA0021FAF7D2F9019BA361F3E795
:1086D00004F1100301AA0121FAF7C9F9019BA36172
:1086E000EAE700BF006400400068004070B586B053
:1086F000057825B1044645780DB1857815B9284629
:1087000006B070BD002302930393082304930092E4
:108710000B78C3704B7803718B784371CB7883717E
:108720000B79C3714B7903728B794372CB79837266
:10873000C61C012332466946C069FAF723F90028AE
:10874000DDD0022332466946E069FAF71BF90028BA
:10875000D5D0042332466946E069FAF713F9CEE72B
:1087600008B50268034B9A4200D008BD0248FFF7E3
:1087700091FFFAE700680040F065002008B54FF669
:10878000FF710120FFF7F0FE08BD00000268234BD7
:108790009A4200D0704710B5214C2046FFF77AFF6F
:1087A000A269B2F58A7F34D015D9B2F5057F2AD8EF
:1087B000B2F5007F27D9A2F20123132B23D8DFE8DB
:1087C00003F01E1E1E1E22222222222222222222EA
:1087D000222223192228142A1BD007D940F2111370
:1087E0009A4211D0B2F5897F04D00CE0112A0BD047
:1087F000122A08D10B490C4800F00EFD03E009498C
:108800000A4801F031F810BD0649094800F004FD9E
:10881000F9E70449074800F0FFFCF4E70064004072
:108820001066002020660020B86800204C6B0020F5
:10883000FC69002030660020002070470346027962
:1088400002F0FF00002A00F0CD8093F82420D979AF
:10885000C9B202F00F02914240F0C38093F8251094
:1088600093F8262042EA012207EE902A93F8271077
:1088700093F82820120942EA011293F828C04FEA1F
:108880000C2C0CF4706C93F8291041EA0C01F8EEF2
:10889000E77AB3EE097A67EE877ADFED536A87EEFF
:1088A000A67AF2EE097A37EE677A83ED107A93F8BA
:1088B00030C0BCF1010F2CD0BCF1020F4CD0F1EE56
:1088C000097AB4EEE77AF1EE10FA68DD37EE677AEE
:1088D00083ED037A93ED037AF1EE097AB4EEE77A49
:1088E000F1EE10FA6ADDD3ED037AB1EE097A77EE94
:1088F000C77AC3ED037A93F82420120914BF01222A
:10890000002283F84C20002A68D0012159711046BA
:10891000704707EE902AF8EEE77ADFED346A67EEEB
:10892000A67A9FED336AC7EE866ADFED327A76EE7D
:10893000E77AC3ED027A07EE901AF8EEE77ADFEDF8
:108940002E6A67EEA67AC7EE866AF3EE027A76EEB4
:10895000E77AC3ED087AB2E707EE902AF8EEE77AF5
:10896000F3EE046A67EEA67A9FED216AC7EE866A87
:10897000F2EE047A76EEE77AC3ED027A07EE901A09
:10898000F8EEE77ADFED1D6A67EEA67AC7EE866A33
:10899000F3EE0C7A76EEE77AC3ED087A8FE7B5EE60
:1089A000C07AF1EE10FA02D483ED037A92E7F1EE89
:1089B000097A37EE277A83ED037A8BE7D3ED037AD2
:1089C000F5EEC07AF1EE10FA95D5D3ED037AB1EE5B
:1089D000097A77EE877AC3ED037A8CE700225A7121
:1089E00070470020704700BF00FF7F470000B4427F
:1089F00000F07F4500003442000010420000604259
:108A0000024A0260024A0260704700BF90BB000841
:108A100068BB000870B582B0037903F0FF05002B36
:108A20004FD004464379002B4ED190F83830012BBB
:108A300005D0022B19D0E3B9C679F6B202E0C679A7
:108A400006F58076FF238DF800308DF801308DF823
:108A500002308DF803308DF804308DF805308DF834
:108A60000630FC238DF807300DE0C67906F5007658
:108A7000E8E7BB26E6E7324669461448FFF736FECC
:108A80002046FFF7DBFE94F84C5085B9636B1B68FA
:108A90000F4A9342EFD00F4A9342F4D132466946CF
:108AA0000D48FFF723FE2046FFF7C8FEEBE704F171
:108AB0005000FFF7FBFC04F1C000FFF7F7FC0123B7
:108AC0006371284602B070BD0025FAE710660020E9
:108AD0000064004000680040F065002070B582B07E
:108AE000037903F0FF0523B10446437903F0FF0542
:108AF00013B9284602B070BD5030FFF7E1FC04F115
:108B0000C000FFF7DDFC94F83830012B05D0022BB4
:108B100019D0E3B9E679F6B202E0E67906F5807697
:108B2000FF238DF800308DF801308DF802308DF87C
:108B300003308DF804308DF805308DF80630FD23B4
:108B40008DF807300AE0E67906F50076E8E7BB26FF
:108B5000E6E7324669460B48FFF7C8FD94F84C300B
:108B60006BB1636B1B68084A9342F2D0074A934289
:108B7000F4D1324669460648FFF7B8FDEEE7637167
:108B8000B7E700BF106600200064004000680040A6
:108B9000F065002010B50446044B0360044B0360ED
:108BA0004FF4A27101F0C0FB204610BD90BB00083D
:108BB00068BB0008094A026000220271427182719A
:108BC000C27100218160C160016141618161C16147
:108BD000016242628262C262704700BF68BB0008E5
:108BE000F8B504460F4615461E46FFF7E3FF484B0F
:108BF000236084F8307066639DF8183084F838304C
:108C00000023E36323646364A364002184F84C10AD
:108C100084F8501084F8511084F852106365A365ED
:108C2000E36523666366A366E36623676367394A81
:108C3000A267E367C4F8803084F88410C4F88830F1
:108C4000C4F88C30C4F89030C4F89430C4F898302C
:108C5000C4F89C30C4F8A030C4F8A430C4F8A830DC
:108C6000C4F8AC30C4F8B030C4F8B430C4F8B8308C
:108C7000012084F8BC0084F8C01084F8C11084F886
:108C8000C210C4F8C430C4F8C830C4F8CC30C4F83A
:108C9000D030C4F8D430C4F8D830C4F8DC30C4F8CC
:108CA000E030C4F8E430C4F8E820C4F8EC30C4F88C
:108CB000F03084F8F410C4F8F830C4F8FC30C4F88C
:108CC0000031C4F80431C4F80831C4F80C31C4F8D8
:108CD0001031C4F81431C4F81831C4F81C31C4F888
:108CE0002031C4F82431C4F82831022284F82C2120
:108CF000094AC4F8EC20C4F83031C4F83431C4F85F
:108D00003831C4F83C31C4F84031E5712046F8BD33
:108D100090BB00086F12833ACDCC4C3D012800D0A7
:108D200070474FF6FF739942FAD12DE9F04182B0B6
:108D30001F4FDFF88880012400943B4622462146DD
:108D40004046FFF74DFF1B4E1B4D3246294640461D
:108D500001F066FADFF8688000943B460222114673
:108D60004046FFF73DFF32462946404601F058FA9B
:108D7000DFF8508000943B46032221464046FFF72F
:108D80002FFF32462946404601F04AFADFF8388084
:108D9000002300933B46042221464046FFF720FF74
:108DA00032462946404601F03BFA02B0BDE8F08168
:108DB0006807002000000020018A0008FC690020EC
:108DC000B8680020746700203066002070B582B05B
:108DD000037903F0FF04002B00F0DD80437903F0FA
:108DE000FF04002B00F0D78080ED4C1AC0ED4D1A27
:108DF00080ED4E2AC0ED500A80ED4F0A90F83830D1
:108E0000002B40F0C780C279D2B2837903F0FF040F
:108E1000EBB3F2EE097A31EE271ADFED617A21EE3B
:108E2000271AB3EE097AC1EE077AFDEEE77A17EE5C
:108E3000903A90F8301001294BD0022940F0AE80D2
:108E4000FDEEE11AF8EEE17AB3EE047A67EE877A86
:108E5000DFED546A87EEA67AF2EE047A77EE677A4F
:108E6000FDEEE77A17EE90CABDEEC22AF8EEC27A9E
:108E70009FED4D7A67EE877A87EEA67AF3EE0C7A4D
:108E800077EE677AFDEEE77A17EE901A3FE08DF8FD
:108E900000308DF801308DF802308DF803308DF8F8
:108EA00004308DF805308DF806308DF80730436BAF
:108EB0001B683E498B4207D03D498B426BD16946C6
:108EC0003C48FFF713FC66E069463B48FFF70EFCA1
:108ED00061E0DFED3A7A71EEA71A9FED327A61EE2A
:108EE000871ADFED376AC1EEA67AFDEEE77A17EE54
:108EF00090CAF3EE027A32EE272A22EE072A9FED7D
:108F0000317AC2EE077AFDEEE77A17EE901A9FEDFE
:108F1000257A20EE070ADFED2C6AC0EE267AFDEEF8
:108F2000E77A17EE905A60EE870AB1EE047AC0EE47
:108F3000877AFDEEE77A17EE90EA1E128DF8006050
:108F40008DF801304FEA2C138DF802302B1243EAD2
:108F50000C138DF803308DF804504FEA2E138DF862
:108F600005300B1243EA0E138DF806308DF807100A
:108F7000436B1B680D498B4207D00D498B420AD1C8
:108F800069460C48FFF7B2FB05E069460A48FFF75F
:108F9000ADFB00E00024204602B070BD0024FAE7DB
:108FA00000FF7F4700F07F45000060420064004002
:108FB00000680040F0650020106600200000344288
:108FC0000000B442000010420000FA4310B582B025
:108FD000037903F0FF04002B43D0437903F0FF042F
:108FE000002B3ED080ED4C0AC0ED4D0A90F8383091
:108FF000012B35D1C27902F58072837903F0FF0429
:1090000083B18DED000ACDED010A436B1B68164953
:109010008B4220D015498B4223D169461448FFF773
:1090200065FB1EE00023C0F83031C0F834310093F6
:109030000193436B1B680C498B4207D00B498B4251
:109040000FD169460A48FFF751FB0AE06946094813
:10905000FFF74CFB05E069460648FFF747FB00E0D9
:109060000024204602B010BD0064004000680040AB
:10907000F06500201066002010B582B0037903F07F
:10908000FF04002B3CD0437903F0FF04002B37D0C2
:1090900080ED4D0A90F83830022B30D1C27902F5BC
:1090A0000072837903F0FF0473B18DED000A436B06
:1090B0001B6815498B421DD014498B4220D169464B
:1090C0001348FFF713FB1BE00023C0F83431009373
:1090D000436B1B680C498B4207D00C498B420FD164
:1090E00069460B48FFF702FB0AE069460948FFF7AB
:1090F000FDFA05E069460748FFF7F8FA00E00024AA
:10910000204602B010BD00BF00640040006800406F
:10911000F06500201066002038B5037903F0FF05E4
:109120003BB30446437903F0FF0513B3837903F09F
:10913000FF0263BB90F838302BB1022B1BD0012B00
:109140001ED0154615E09FED130AB0EE402AF0EE52
:10915000401AB0EE401AF0EE400AFFF737FE04F175
:10916000C000FFF7B5F904F15000FFF7B1F9012392
:10917000A371284638BD9FED070AFFF77DFFEEE794
:109180009FED040AF0EE400AFFF720FFE7E7002515
:10919000EFE700BF0000000038B5037903F0FF05DA
:1091A00043B10446437903F0FF051BB1837903F013
:1091B000FF050BB9284638BDC030FFF79BF904F115
:1091C0005000FFF797F994F838302BB1022B13D0E9
:1091D000012B17D00025EDE79FED0E0AB0EE402AD7
:1091E000F0EE401AB0EE401AF0EE400A2046FFF7CB
:1091F000EDFD0023A371DDE79FED060A2046FFF792
:109200003BFFF6E79FED030AF0EE400A2046FFF72A
:10921000DDFEEEE70000000010B40346047904F020
:10922000FF00C4B10C7883F824404C7883F82540C3
:109230008C7883F82640CC7883F827400C7983F823
:1092400028404C7983F829408C7983F82A40C979E1
:1092500083F82B10DA625DF8044B7047D0ED007A8A
:10926000F4EEC07AF1EE10FA02D580ED000A7047F4
:10927000F4EEE07AF1EE10FA01DDC0ED000A70477D
:1092800008B54FF6FF710120FFF748FD08BD00004B
:10929000012800D070474FF6FF739942FAD1044B72
:1092A00000221A705A709A705A60024A9A60F1E766
:1092B000406B0020680700200123037018467047A8
:1092C00010B582B004786CB18180C280ADF8001016
:1092D000ADF8022083681B680B4A934205D00B4A05
:1092E000934209D0204602B010BD4FF4A8726946DF
:1092F0000748FFF7FBF9F5E74FF4A8726946054800
:10930000FFF7F4F9EEE700BF00640040006800409A
:1093100010660020F065002038B505781DB10446C0
:10932000437813B10025284638BD00221146FFF7C7
:10933000C7FF01236370F6E738B505782DB1044601
:10934000457815B1837813B10025284638BD002231
:109350001146FFF7B5FF0123A370F6E708B54FF6F6
:10936000FF710120FFF794FF08BD002070470346FE
:1093700002691AB1127902F0FF009AB15A691AB162
:10938000127902F0FF006AB19A691AB1127902F0FB
:10939000FF003AB1DA691AB1127902F0FF000AB19E
:1093A000012018717047034602691AB1527902F020
:1093B000FF009AB15A691AB1527902F0FF006AB1FE
:1093C0009A691AB1527902F0FF003AB1DA691AB11A
:1093D000527902F0FF000AB101205871704703462C
:1093E00002691AB1927902F0FF009AB15A691AB172
:1093F000927902F0FF006AB19A691AB1927902F08B
:10940000FF003AB1DA691AB1927902F0FF000AB1AD
:109410000120987170470000024A0260024A02600F
:10942000704700BF50BC000800BC0008024A026040
:10943000024A0260704700BF28BC000868BB0008F1
:1094400038B5037903F0FF051BB10446437913B126
:109450000025284638BD3C30FFF728F804F1AC0061
:10946000FFF724F801236371F3E738B5037903F0BC
:10947000FF0523B10446437903F0FF050BB92846E5
:1094800038BD3C30FFF71CF804F1AC00FFF718F8CA
:10949000002323876371F2E738B5037903F0FF05F2
:1094A0003BB10446437903F0FF0513B1837913B14F
:1094B0000025284638BDAC30FFF70AF804F13C001F
:1094C000FFF706F80123A371F3E738B5037903F03A
:1094D000FF0543B10446437903F0FF051BB18379CF
:1094E00003F0FF050BB9284638BDAC30FFF702F892
:1094F00004F13C00FEF7FEFF0023A371F3E7000038
:1095000030B583B00446FFF732FF054610B9284650
:1095100003B030BD2046FFF746FF05460028F6D0D1
:109520000023009301932046FFF759FF054628BB0F
:1095300001238DF8003000238DF801308DF80230C2
:109540008DF803308DF804308DF805308DF8063035
:109550008DF80730636A1B68334A934208D0334A58
:109560009342D4D1226A69463148FFF7BFF8CEE76B
:10957000226A69462F48FFF7B9F8C8E723697BB329
:10958000B3F9382093F939308DF800308DF8012087
:1095900063695BB3B3F9382093F939308DF8023041
:1095A0008DF80320A3693BB3B3F9382093F9393020
:1095B0008DF804308DF80520E3691BB3B3F938202A
:1095C00093F939308DF806308DF80720636A1B68EF
:1095D000154A93421CD0154A93421FD0002596E7A6
:1095E00000238DF800308DF80130D1E700238DF88D
:1095F00002308DF80330D5E700238DF804308DF864
:109600000530D9E700238DF806308DF80730DDE707
:10961000226A69460748FFF769F878E7226A6946CF
:109620000348FFF763F872E70064004000680040F9
:10963000F06500201066002010B50446044B03605E
:10964000044B03604FF49A7100F06EFE204610BD8B
:1096500028BC000868BB000810B50446044B036032
:10966000044B0360282100F05FFE204610BD00BFC0
:1096700050BC000800BC000870B504460D461646F4
:10968000FFF798FA444B23600023236363630020B1
:10969000208784F83C0084F83D0084F83E00236471
:1096A0006364A364E36423656365A365E36523667C
:1096B0003A4A6266A366E36684F870006367A3674C
:1096C000E367C4F88030C4F88430C4F88830C4F844
:1096D0008C30C4F89030C4F89430C4F89830C4F892
:1096E0009C30C4F8A030C4F8A430012184F8A8103C
:1096F00084F8AC0084F8AD0084F8AE00C4F8B03053
:10970000C4F8B430C4F8B830C4F8BC30C4F8C030C1
:10971000C4F8C430C4F8C830C4F8CC30C4F8D03071
:10972000C4F8D420C4F8D830C4F8DC3084F8E000A1
:10973000C4F8E430C4F8E830C4F8EC30C4F8F030D1
:10974000C4F8F430C4F8F830C4F8FC30C4F8003180
:10975000C4F80431C4F80831C4F80C31C4F810312D
:10976000C4F81431022384F818310D4BC4F8D830F2
:1097700084F81C01C4F82061A4F82401A4F826018F
:10978000C4F82801A4F82C01A4F82E01242384F89D
:109790003031E571204670BD28BC00086F12833A55
:1097A000CDCC4C3D012800D070474FF6FF73994255
:1097B000FAD170B5134E144C324601212046FFF702
:1097C0005BFF124D2A461249204600F029FD114840
:1097D000114B0360002303714371837102460F49EB
:1097E00042F8081B83605360046143618361C36175
:1097F0004FF40073036246622A46094900F010FDE7
:1098000070BD00BF68070020746B002000000020BE
:109810002D9400084C6B002000BC000850BC0008D0
:109820001994000810B40346047904F0FF00C4B191
:109830000C7883F824404C7883F825408C7883F8A2
:109840002640CC7883F827400C7983F828404C795F
:1098500083F829408C7983F82A40C97983F82B1042
:10986000DA625DF8044B7047F8B507460E461546B8
:10987000FFF77DFD044638B17B6A1B68234A93429B
:1098800004D0234A934221D02046F8BDA5F20123FB
:10989000032BF9D8DFE803F002080E142A463146FC
:1098A0003869FFF7BFFFEFE72A4631467869FFF7CF
:1098B000B9FFE9E72A463146B869FFF7B3FFE3E7A6
:1098C0002A463146F869FFF7ADFFDDE7A5F201232F
:1098D000032BD9D8DFE803F002080E142A463146DC
:1098E0003869FFF79FFFCFE72A4631467869FFF7CF
:1098F00099FFC9E72A463146B869FFF793FFC3E7E6
:109900002A463146F869FFF78DFFBDE70064004045
:10991000006800400346027902F0FF00BAB310B5B8
:10992000B3F824C1B3F82621ACEB020141F2707EFA
:10993000714512DD8AB2A2F5005212B2D3F8281195
:109940000A4413498A4216DDA2F58F22A2F2DC7284
:10995000C3F82821A3F826C110BD0E4CA14206DA97
:10996000ACEB020292B202F5005212B2E6E7ACEBA7
:10997000020212B2E2E7002A02DBC3F82821E9E77B
:1099800002F58F2202F2DC72C3F82821E2E7704769
:10999000DC7F040090E8FFFF10B5044690F8242017
:1099A00090F8253043EA0223A0F8243190F82620CD
:1099B00090F8273043EA0223A0F82C3190F82820B1
:1099C00090F8293043EA0223A0F82E31FFF7A2FFD6
:1099D000B4F92E3107EE903AF8EEE77AC4ED087A42
:1099E000B4F92C3107EE903A94F8303107EE103A82
:1099F000F8EEE77AB8EEC77AC7EE876AC4ED026A76
:109A0000B4F8243107EE903AF8EE677ADFED076A92
:109A100067EEA67A77EEA77ADFED056A67EEA67A9B
:109A2000C7EE876AC4ED036A012010BD000000394B
:109A3000DB0F494038B50446FFF799FC054678B17D
:109A4000206908B1FFF7A8FF606908B1FFF7A4FF1C
:109A5000A06908B1FFF7A0FFE06908B1FFF79CFF1C
:109A6000284638BD30B585B08DED010A90F81C311F
:109A7000E3B10446037903F0FF05002B3DD04379A1
:109A800003F0FF05CBB3837903F0FF05ABB3DFED44
:109A90001C0A9FED1C0A01A8FFF7E0FBDDED017A2F
:109AA000FDEEE77A17EE903A238726E0DFED140A01
:109AB0009FED140A01A8FFF7D1FBDDED017AFDEE61
:109AC000E77A17EE903A43F307228DF808208DF8D5
:109AD000093000238DF80A308DF80B308DF80C30EA
:109AE0008DF80D308DF80E308DF80F304FF4007278
:109AF00002A90548FEF7FAFD0125284605B030BD4C
:109B000000401C4600401CC61066002003790BB1C3
:109B10000020704730B585B005466420FDF7D8FABF
:109B200000242CE0374B0193DFED370A9FED370A15
:109B300001A8FFF793FBDDED017AFDEEE77A17EE62
:109B4000903A43F307228DF808208DF8093000235E
:109B50008DF80A308DF80B308DF80C308DF80D3003
:109B60008DF80E308DF80F304FF4007202A928489E
:109B7000FEF7BCFD0320FDF7ABFA0134E4B2772C0D
:109B8000D0D92AE01F4B0193DFED1F0A9FED1F0A7A
:109B900001A8FFF763FBDDED017AFDEEE77A17EE32
:109BA000903A43F307228DF808208DF809300023FE
:109BB0008DF80A308DF80B308DF80C308DF80D30A3
:109BC0008DF80E308DF80F304FF4007202A9104856
:109BD000FEF78CFD0320FDF77BFAB5F92C3113F16C
:109BE000640FCFDB0023C5F82831B5F82431A5F880
:109BF000263141F28833C5F82831012085F81C014F
:109C000005B030BD0080BBC400401C4600401CC6EF
:109C1000106600202DE9F84303791BB10025284682
:109C2000BDE8F88304460F46164600F13C09484655
:109C3000FEF734FC04F1AC084046FEF72FFC02E0CE
:109C40002046FFF763FF94F81C51002DF8D03946E9
:109C50004846FEF763FC01214846FEF77FFC31468B
:109C60004046FEF75BFC01214046FEF777FC0123EE
:109C70002371D4E708B54FF6FF710120FFF792FD7D
:109C800008BD000002680C4B9B681B689A4200D01C
:109C9000704770B50446084E304600F029F830464B
:109CA00000F0C0F80546304600F0C6F802462946E6
:109CB0002046FBF777FB70BD00010020037923B934
:109CC000816001230371184670470020704700200F
:109CD00070470346007900B1587970470346007910
:109CE00000B1587970470346007900B15879704740
:109CF00003460079002853D05879002850D01A7BA9
:109D000093F80DC042EA0C22C2F30A02A2F5806267
:109D1000DA83997B4A0142EADC02C2F30A02A2F525
:109D200080621A84DA7B920042EA911293F810C0A2
:109D300042EA8C22C2F30A02A2F580625A84597C5C
:109D4000CA0142EA5C02C2F30A02A2F580629A8466
:109D50008A0983F82620C1F3011183F827109A7C21
:109D6000D97C42EA01221A851A7D597D42EA0122F4
:109D70005A859A7DD97D42EA01229A851A7E83F816
:109D80002E205A7E83F82F209A7ED97E42EA012225
:109D90001A861A7F597F42EA0122A2F580625A860A
:109DA00070470000024A0260024A0260704700BF2A
:109DB000D0BC0008A4BC000838B505790DB9284608
:109DC00038BD0446122200F10C018068FBF7EAFA64
:109DD00001236371F3E7000010B50446044B0360F0
:109DE000044B0360342100F09FFA204610BD00BFF1
:109DF000D0BC0008A4BC0008012800D0704708B5FA
:109E00004FF6FF73994200D008BD034A0349044846
:109E100000F006FAF8E700BF00000020A59D00084A
:109E20000001002003791BB143791BB10C3070474E
:109E3000002070470020704703791BB143791BB1A4
:109E400012207047002070470020704708B54FF679
:109E5000FF710120FFF7D0FF08BD03781BB9012374
:109E6000037018467047002070470346007828B1F9
:109E70005A7812B901225A70704700207047034681
:109E8000007838B1587828B19A7812B901229A70BE
:109E90007047002070472DE9F041057835B1044640
:109EA0000F46164645780DB1857815B92846BDE8A8
:109EB000F08100F1030840220021404601F032FB0E
:109EC00032463946404601F0EFFBA4F84460EDE726
:109ED0002DE9F04782B00578002D6CD0044610EED5
:109EE000102A10EE901A4578002D64D08578002D48
:109EF00061D0732780F89C70652380F8A8304FF0FC
:109F0000B00EA0F89EE080ED280AC0ED290A5FFAA5
:109F100082F88DF80480C2F3072C8DF805C0C2F3D7
:109F200007468DF80660C2F307628DF807200B46DE
:109F30005FFA81F98DF80090C1F307208DF80100D8
:109F4000C1F307418DF80210C3F307638DF80330A6
:109F50004FF0200AA4F886A084F8467084F847E001
:109F600084F8488084F849C084F84A6084F84B201B
:109F700084F84C9084F84D0084F84E1084F84F30EB
:109F80000A2305E0E218002182F846100133DBB213
:109F90001D2BF7D9652384F8653004F1460620218E
:109FA0003046FEF73BF840220021304601F0BAFA75
:109FB0000023A4F88630284602B0BDE8F08738B503
:109FC000057895B1044645787DB185786DB1B0F8D6
:109FD000443053B10379A02B09D040220021E01C6A
:109FE00001F0A0FA0023A4F84430284638BDC27816
:109FF00080F88820A0F88A304379003B18BF0123FD
:10A0000080F88C30831D1B68C0F8903000F10A0383
:10A010001B68C0F8943090F8223080F898304022C5
:10A020000021033001F07EFA0023A4F84430D4E785
:10A0300008B50A4601460248FFF72DFF08BD00BFDC
:10A040003401002038B5FDF793FF134C1349204627
:10A05000FFF734FE2046FFF7AFFE114D2846FEF70E
:10A06000B1FA104C2046FEF7ADFA2846FEF7F6FA94
:10A070002046FEF7F3FA2846FEF7FAFA2046FEF7E6
:10A08000F7FA094C2046FFF717F92046FFF744F985
:10A090002046FFF751F9FEE7000100206C0C00207C
:10A0A00010660020F0650020406B002010B59CB0C9
:10A0B000214C0DF13C0CA646BEE80F00ACE80F00A9
:10A0C000BEE80F00ACE80F00BEE80F00ACE80F00E0
:10A0D000DEF80030CCF800300DF1080C34340FCC31
:10A0E000ACE80F000FCCACE80F000FCCACE80F00D1
:10A0F0002368CCF80030114C02AA0FA92046FFF7C4
:10A1000089FD2046FFF79CF92046FFF7C5F9FDF7CA
:10A1100057FD01909FED0A0A0848FFF7A3FC094C80
:10A120002046FFF787FC2046FFF7EAF9012101A846
:10A13000FDF754FEEEE700BF40BA0008746B002044
:10A14000000000004C6B002000B583B0FDF738FD27
:10A150000190012101A8FDF741FEFAE7000000008F
:10A160002DE9F8432DED028BFDF702FF2A4C204626
:10A17000FFF773FE2046FFF778FE2046FFF77FFECD
:10A18000002436E00134A4B2234D2846FFF717FF20
:10A1900007EE904AF8EEE77A9FED207A67EE877A2D
:10A1A00017EE900AF6F778F941EC100B00F068F919
:10A1B00057EC106B14A3D3E9002330463946F6F769
:10A1C000C3F98046894612A3D3E9002330463946B5
:10A1D000F6F7BAF9F6F77AFC08EE100A4046494657
:10A1E000F6F774FCF0EE480A00EE100A2846FFF776
:10A1F0006FFE4FF4FA60FCF76BFFB4F57A7FC1D9BC
:10A200000024C1E7AFF30080000000C0F528F93F4B
:10A210000000004089410540340100200AD7233C5A
:10A2200003460846194601F077B900BF70B50368C8
:10A2300084B000249E690394102315460293CDE94F
:10A2400000446B461268B0479DF8043003F00603E3
:10A25000062B03BF009B2B600120204604B070BD7D
:10A26000009890420CBF06200120704710B5034BA8
:10A270000360044600F0E8F8204610BD2CBD00083D
:10A2800010B5054B0360044600F0DEF820460821B7
:10A2900000F04AF8204610BD2CBD00082DE9F04121
:10A2A000069F0899099E8F42044690461D460CD091
:10A2B0002946204600F0CCF820B10123376086F80B
:10A2C0000480B3710020BDE8F081079900F0C0F868
:10A2D0000028EDD086F805800020BDE8F08100BFA1
:10A2E00038B515461C4600F0B3F800B938BD082251
:10A2F00006232560E260237138BD00BF2DE9F041DF
:10A30000064617461D460C4600F0A2F848B9032D34
:10A3100007D823683A46314620465B69BDE8F041DC
:10A320001847BDE8F08100BF00F0A8B810B5034B96
:10A3300003600446FFF79AFF204610BD8CBD00085D
:10A3400010B5054B03600446FFF790FF20460C2133
:10A35000FFF7EAFF204610BD8CBD000870B582B043
:10A360000446069E96420D4609D0A06804680696EB
:10A37000246A2946A44602B0BDE8704060471946E9
:10A380000192009300F064F8DDE900320028ECD07F
:10A39000062002B070BD00BF2DE9F04F0D4681B020
:10A3A0001946DDE90A8BDDE90CA91C46074616466D
:10A3B00000F04EF880B9D04527D0B868234604682D
:10A3C000CDE90CA9CDE90A8BE46932462946A446B9
:10A3D00001B0BDE8F04F6047002DC9F8008089F852
:10A3E00004600CDBA844C24514BF4FF001084FF0D5
:10A3F000060889F80680002001B0BDE8F08F02351C
:10A40000F9D1012389F80630F5E75946384600F0BE
:10A410001FF80028D1D089F80560ECE72DE9F0415C
:10A4200006460F4614461D46FFF75AFF48B9B06866
:10A43000016822468C692B463946A446BDE8F041A6
:10A440006047BDE8F08100BF704700BF0020704743
:10A45000814211D008B5406803782A2B0AD0496898
:10A460000B782A2B08BF0131F7F784FCB0FA80F093
:10A47000400908BD002008BD0120704701F038B830
:10A480001FB553EC102B264823F00041814207D81A
:10A490009FED211B002005B05DF804EB00F00CB926
:10A4A0002048814208D910461946F5F795FE41EC3F
:10A4B000100B05B05DF804FB684600F0B9F900F038
:10A4C000030001280CD0022811D0E8B99DED021B31
:10A4D0009DED000B012000F0EFF851EC100BE6E7CA
:10A4E0009DED021B9DED000B00F01EF8F5E79DEDC4
:10A4F000021B9DED000B012000F0DEF853EC102B49
:10A50000104603F10041D2E79DED021B9DED000BCB
:10A5100000F00AF8F2E700BF0000000000000000B1
:10A52000FB21E93FFFFFEF7F2DE9F74F57EC106B61
:10A5300027F00048B8F1795F8DED001B06D2304658
:10A540003946F6F79BFA002800F0888032463B46F1
:10A5500030463946F5F7F8FF514B002204460D46C8
:10A56000F5F7F2FF40A3D3E9002382468B4620464D
:10A570002946F5F7E9FF3EA3D3E90023F5F72EFEC0
:10A5800022462B46F5F7E0FF3BA3D3E90023F5F77E
:10A5900023FE22462B46F5F7D7FF39A3D3E9002344
:10A5A000F5F71CFE22462B46F5F7CEFF36A3D3E97E
:10A5B0000023F5F711FE22462B46F5F7C5FF34A31D
:10A5C000D3E90023F5F70AFE22462B46F5F7BCFF38
:10A5D00022462B46F5F7B8FFDDE9002304460D4679
:10A5E00030463946F5F7B0FF0B460246294620466D
:10A5F000F5F7F2FD2B4B984506460F4610D802465C
:10A600000B4650465946F5F7E7FD0B4626490246EC
:10A610000020F5F7E1FD41EC100B03B0BDE8F08F31
:10A62000224B214998458CBF214DA8F500150024E7
:10A6300022462B460020F5F7CFFD2246804689466C
:10A640002B4650465946F5F7C7FD32463B46F5F7CF
:10A65000C3FD02460B4640464946DAE79FED0E0B26
:10A66000DBE700BFAFF30080D43888BEE9FAA8BDAD
:10A67000C4B1B4BD9EEE213EAD529C804F7E923E51
:10A680009015CB19A001FA3E7751C1166CC1563F07
:10A690004C5555555555A53F000000000000F03FB2
:10A6A0000000E03F3233D33F0000F03F0000E93FBD
:10A6B0000000D23F000000002DE9F04F55EC104B98
:10A6C00025F0004385B0B3F1795F8DED021B804624
:10A6D00005D220462946F6F7D1F9002852D0224665
:10A6E0002B4620462946F5F72FFF82468B46024629
:10A6F0000B4620462946F5F727FF42A3D3E900235E
:10A70000CDE9000150465946F5F71EFF3FA3D3E9B6
:10A710000023F5F761FD52465B46F5F715FF3DA3B3
:10A72000D3E90023F5F75AFD52465B46F5F70CFFD7
:10A730003AA3D3E90023F5F74FFD52465B46F5F700
:10A7400003FF38A3D3E90023F5F748FD06460F467B
:10A75000B8F1000F1BD102460B4650465946F5F79B
:10A76000F3FE25A3D3E90023F5F736FDDDE9002349
:10A77000F5F7EAFE02460B4620462946F5F72EFD80
:10A7800004460D4645EC104B05B0BDE8F08FDDE901
:10A7900002011B4B0022F5F7D7FE32468046894660
:10A7A0003B46DDE90001F5F7CFFE02460B46404689
:10A7B0004946F5F711FD52465B46F5F7C5FEDDE962
:10A7C0000223F5F709FD0CA3D3E9002306460F4643
:10A7D000DDE90001F5F7B8FE02460B463046394682
:10A7E000F5F7FCFC02460B4620462946F5F7F4FC3B
:10A7F000C6E700BFAFF30080495555555555C53FD5
:10A800000000E03F7CD5CF5A3AD9E53DEB9C2B8A3E
:10A81000E6E55A3E7DFEB157E31DC73ED561C1193D
:10A82000A0012A3FA6F810111111813F000000007D
:10A830002DE9F04F57EC106BC54B8DB027F0004859
:10A8400098450446049707D80022002380ED000BAA
:10A85000C0E90223002528E0BE4B984578D8049B28
:10A86000BD4D002B3046ACA3D3E90023394638DD7B
:10A87000F5F7B2FCA84506460F461AD0A8A3D3E9BF
:10A880000023F5F7A9FC02460B4680468946304670
:10A890003946F5F7A1FCA2A3D3E90023F5F79CFC08
:10A8A000C4E90089C4E90201012528460DB0BDE8CC
:10A8B000F08F9DA3D3E90023F5F78EFC9CA3D3E989
:10A8C000002306460F46F5F787FC02460B468046F6
:10A8D000894630463946F5F77FFC95A3D3E9002336
:10A8E000DCE7F5F77BFCA84506460F4618D08CA39D
:10A8F000D3E90023F5F772FC02460B4680468946F1
:10A9000030463946F5F768FC85A3D3E90023F5F70F
:10A9100065FC4FF0FF35C4E90089C4E90201C4E7D2
:10A9200081A3D3E90023F5F759FC81A3D3E90023E0
:10A9300006460F46F5F752FC02460B46804689460E
:10A9400030463946F5F748FC79A3D3E90023DEE722
:10A95000824B984500F2D18000F066F957EC106BFD
:10A9600075A3D3E9002330463946F5F7EDFD7C4B5E
:10A970000022F5F733FCF6F781F80546F5F77AFD86
:10A9800002460B46CDE9022363A3D3E90023F5F782
:10A99000DBFD02460B4630463946F5F71DFC60A349
:10A9A000D3E9002382468B46DDE90201F5F7CCFDB1
:10A9B0001F2D06460F460CDC6A4B6A1E53F82230E8
:10A9C000434506D032463B4650465946F5F704FC0F
:10A9D0000EE03B46324650465946F5F7FDFB4FEA3E
:10A9E00028530593C1F30A53C3EB1853102B02DC11
:10A9F000C4E9000139E04CA3D3E90023DDE90201F9
:10AA0000F5F7A2FD06460F4602460B46504659464C
:10AA1000F5F7E2FB02460B4680468946504659460A
:10AA2000F5F7DAFB32463B46F5F7D6FB40A3D3E910
:10AA3000002306460F46DDE90201F5F785FD3246A3
:10AA40003B46F5F7C9FB02460B4606460F46404615
:10AA50004946F5F7C1FB059AC1F30A53D31A312BC6
:10AA600020DCC4E90001C246CB46D4E90089504647
:10AA700042464B465946F5F7AFFB3B463246F5F7A3
:10AA8000ABFB049B002BC4E90201BFF60EAF09F13A
:10AA90000043636001F10043C4F80080A060E360FC
:10AAA0006D4202E726A3D3E90023DDE90201F5F7B1
:10AAB0004BFD06460F4602460B4640464946F5F713
:10AAC0008BFB02460B4682468B4640464946F5F7CD
:10AAD00083FB32463B46F5F77FFB1BA3D3E90023FC
:10AAE00006460F46DDE90201F5F72EFD32463B46EC
:10AAF000F5F772FB06460F4664E71B4B984535D9C0
:10AB000032463B4630463946F5F766FBC4E902015A
:10AB1000C4E900019EE600BF00004054FB21F93F5C
:10AB20003163621A61B4D03D0000601A61B4D03D57
:10AB30007370032E8A19A33B83C8C96D305FE43F4D
:10AB40000000002E8A19A33BC14920259A837B3936
:10AB5000FB21E93F7BD90240FB21F93FFB21394131
:10AB60000000E03FC8BD0008FFFFEF7F4FEA285517
:10AB7000A5F21645A8EB055130460F46F5F77EFFC6
:10AB8000F5F778FC02460B4630463946CDE90623F8
:10AB9000F5F722FB224B0022F5F7D6FC0F460646BE
:10ABA000F5F76CFFF5F766FC02460B463046394672
:10ABB000CDE90823F5F710FB194B0022F5F7C4FC8B
:10ABC000CDE90A010DF130094FF0030800260027F6
:10ABD00079E9020132463B46C24608F1FF38F5F7F3
:10ABE0001BFF0028F4D10F4B0193022300932A4648
:10ABF0005346214606A800F01FF8049B002B05468B
:10AC0000BFF653AED4E9002101F10043C4E90023AB
:10AC1000D4E9022101F10043C4E9022340E700BF67
:10AC20000000704148BE000851EC100B024621F0B4
:10AC3000004343EC102B70472DE9F04F2DED028BB4
:10AC4000ADF5197D12F1140F06930491BE4BA49932
:10AC5000089053F821300093069B03F1FF33A8BFFF
:10AC6000D41E0593B2BF0024182394FBF3F46FF0B5
:10AC7000170304FB033303EB020B009B059A9FEDC4
:10AC8000AE8B03EB0208A59BA71A20AE03EB870946
:10AC90000025454513DD069B20AA02EBC3050DF5F3
:10ACA000E07A4FF00008009B984531DC9FEDA27BD5
:10ACB000DDF820908DED027B2F4600261BE0EF4251
:10ACC00007D459F82500F5F7D5FBE6E80201013570
:10ACD000DFE751EC180BF8E7D7E90023F9E80201A8
:10ACE000F5F732FC02460B46DDE90201F5F776FA8C
:10ACF000CDE902010136059B9E42A7F10807EBDD75
:10AD00009DED027B08F10108AAEC027B0835CAE739
:10AD1000009BDDF800800CAA02EB83030A93A59B3D
:10AD200003EB840309934FEAC8030B9398AB03EB3F
:10AD3000C80313ED287B8DED027B0CAC70AB03EBED
:10AD4000C805A146C246BAF1000FA5F1080577DC97
:10AD500058469DED020B00F0C7FA57EC106B00222D
:10AD60004FF07F5330463946F5F7EEFB41EC100BC0
:10AD700000F03AFB754B51EC100B0022F5F7E4FBA9
:10AD800002460B4630463946F5F726FA0F46064688
:10AD9000F5F774FE0290F5F76DFB02460B46304660
:10ADA0003946F5F719FABBF1000F06460F466CDD80
:10ADB00008F1FF310CAB029D53F82130CBF11800A4
:10ADC00043FA00F2154482409B1A0CAA029542F8FD
:10ADD0002130CBF1170243FA02F9B9F1000F64DD1B
:10ADE000029B00220133029315466FF07F4190458C
:10ADF00000F3B880BBF1000F07DDBBF1010F00F0DD
:10AE0000BF80BBF1020F00F0C680B9F1020F4CD138
:10AE100032463B464E490020F5F7DEF906460F461E
:10AE2000002D42D058469FED460B00F05DFA3046AB
:10AE3000394653EC102BF5F7CFF906460F4634E0B0
:10AE4000444B0022DDE90201F5F77EFBF5F716FE23
:10AE5000F5F710FB404B002206460F46F5F774FB52
:10AE600002460B46DDE90201F5F7B6F9F5F706FEF5
:10AE7000D5E9002349F8040B39463046F5F7AEF919
:10AE80000AF1FF3ACDE902015DE707D108F1FF338E
:10AE90000CAA52F823304FEAE3599EE72F4B0022C9
:10AEA000F5F7D8FD002843D1814600220023304623
:10AEB0003946F5F7B1FD002800F0BF8008F1FF33F7
:10AEC000002200998B426EDA002A00F0898008F196
:10AED000FF380CABABF1180B53F82830002BF6D031
:10AEE00058469FED170B00F0FFF908F10103DA0057
:10AEF000059255EC104B70AADFF858B002EBC3076F
:10AF000046464FF0000A002E80F2CF804446002CC7
:10AF1000C0F2FD80124B1F4670AB03EBC4030693D7
:10AF20004FF0000A4FF0000B0026A8EB0405E2E00A
:10AF30004FF0020954E700BF0000000000000000CD
:10AF4000000000000000F03F90BF0008000020401B
:10AF50000000F03F0000703E000070410000E03F44
:10AF600050BF000854F8043B45B923B1C3F18073C6
:10AF700044F8043C012301321D4638E7CB1AF7E7B9
:10AF800008F1FF320CAB53F82230C3F316030CA9BF
:10AF900041F8223039E708F1FF320CAB53F8223088
:10AFA000C3F31503F3E70CA951F82310013B0A433F
:10AFB00087E7013453F8042D002AFAD00B9B03F5E0
:10AFC00018730DEB0305069B20AA434408F1010703
:10AFD000983D02EBC3064444BC4204DAA046A2E614
:10AFE0000A9B0124E6E7099B53F82700F5F742FA8C
:10AFF0009FEDB17BE6E802018DED027BDDF820904C
:10B00000B2464FF00008059B984505DD9DED027B9B
:10B010000137A5EC027BDFE77AE90223F9E80201B8
:10B02000F5F792FA02460B46DDE90201F5F7D6F88C
:10B0300008F10108CDE90201E5E7CBF1000047EC9A
:10B04000106B00F051F955EC104B9D4B002220463F
:10B050002946F5F7FFFC00B39A4B0022204629460B
:10B06000F5F772FAF5F70AFD0646F5F703FA944B81
:10B070000022F5F769FA0B46024629462046F5F705
:10B08000ABF8F5F7FBFC0CAB0BF1180B43F8280001
:10B0900008F1010843F8286022E720462946F5F721
:10B0A000EDFC0CAB43F828001AE70CAB53F8260074
:10B0B000F5F7E0F922462B46F5F746FA524667E9DE
:10B0C00002015B4620462946F5F73EFA013E04465A
:10B0D0000D4618E70699F1E802230691F7E8020108
:10B0E000F5F732FA02460B4650465946F5F776F820
:10B0F000013682468B46009B9E4201DCB542E9DA6E
:10B1000048AB03EBC505C5E900AB013CFFE6A49BDA
:10B11000022B0BDC002B39DC5DD0029B03F0070017
:10B120000DF5197DBDEC028BBDE8F08FA49B032BC0
:10B13000F3D1059B03F518730DEB0304A4F5A47478
:10B140002546C246BAF1000FA5F108056BDC45465D
:10B15000012DA4F1080400F38780059C48AB1C4432
:10B1600000200021B8F1010F00F39C80DDE9487850
:10B17000DDE94A56B9F1000F40F0A680049BC3E90F
:10B180000078C3E90256C3E90401C6E7059D48AB50
:10B190001D44444600200021002C35DAB9F1000F8F
:10B1A00038D0024601F10043049CC4E90023024662
:10B1B0000B46DDE94801F5F70FF84AAD0124A0453B
:10B1C0002BDAB9F1000F02D001F100431946049BBC
:10B1D000C3E90201A1E7059C48AB1C440020002103
:10B1E000B8F1000F09DAB9F1000F02D001F1004304
:10B1F0001946049BC3E900018FE774E90223F4F7C1
:10B20000EDFF08F1FF38EBE775E90223F4F7E6FFFD
:10B21000013CC1E702460B46C6E7F5E80223F4F716
:10B22000DDFF0134CBE795ED007B8DED007B95EDE7
:10B23000027BDDE9000153EC172B8DED067BF4F763
:10B24000CDFF02460B4606460F46DDE90001F4F746
:10B25000C3FFDDE90623F4F7C1FF0AF1FF3AC5E9B0
:10B260000201C5E900676DE794ED007BD4E902AB0C
:10B2700051EC170B52465B468DED007BF4F7AEFFA9
:10B2800002460B4606460F46DDE90001F4F7A4FF2F
:10B2900052465B46F4F7A2FF013DC4E90201C4E94E
:10B2A000006755E774E90223F4F798FF08F1FF38C7
:10B2B00058E700BFAFF3008000000000000000006E
:10B2C000000070410000703E049B049A1F6008F16A
:10B2D00000445C609D6006F10043D36001F10043CF
:10B2E0001061536119E700BF70B555EC104BC5F301
:10B2F0000A5106462B4691B925F0004323433DD021
:10B30000354B204629460022F5F71EF9334B9E4265
:10B3100004460D460FDA28A3D3E900231EE040F2CD
:10B32000FF7291420BD1224620462946F4F756FF80
:10B3300004460D4622E00B46C1F30A5136394CF261
:10B34000503296420DDD002D1DA1D1E9000102DA37
:10B350001DA1D1E900011AA3D3E90023F5F7F4F800
:10B36000E6E7721840F2FE718A42ECDC002A08DD42
:10B3700023F0FF4323F4E00343EA025545EC104B6E
:10B3800070BD12F1350F08DA002D0BA1D1E90001D3
:10B39000C1DA0FA1D1E90001BDE723F0FF43363246
:10B3A00023F4E00343EA025520460D4B29460022D0
:10B3B000D4E700BFAFF3008059F3F8C21F6EA501B8
:10B3C0009C7500883CE4377E9C7500883CE437FE21
:10B3D00059F3F8C21F6EA58100005043B03CFFFF37
:10B3E0000000903C0000000051EC100BC1F30A5328
:10B3F0002DE9F041A3F2FF36132E0C460546804698
:10B4000034DC002E17DA32A3D3E90023F4F7E6FE8A
:10B4100000220023F5F728FB50B1002C55DA24F068
:10B4200000442C430025AC422B4C08BF4FF0004495
:10B430002146284623E0294F374101EA0703034309
:10B440001DD023A3D3E90023F4F7C8FE0022002374
:10B45000F5F70AFB0028EBD0002CBEBF4FF4801399
:10B460003341E41824EA07040025E1E7332E0ADD1E
:10B47000B6F5806F03D102460B46F4F7AFFE41EC00
:10B48000100BBDE8F081A3F213434FF0FF37DF400C
:10B490000742F4D00EA3D3E90023F4F79FFE002265
:10B4A0000023F5F7E1FA0028C2D0002C0ADA142EA6
:10B4B00001D1013406E0C6F134060123B3401D4436
:10B4C0004545F6D325EA0705B2E700252C46AFE748
:10B4D0009C7500883CE4377E0000F0BFFFFF0F0042
:10B4E00008B5062000F050F80120F6F74DFF0000E7
:10B4F000024B0146186800F08BB900BFF005002030
:10B50000014800F0C3B800BF106E0020014800F0F1
:10B51000BEB800BF106E002013460A460146022046
:10B5200000F0D0B802440346934200D1704703F8BC
:10B53000011BF9E71F2938B505460C4604D9162327
:10B5400003604FF0FF3038BDD0F8182112B152F827
:10B5500021304BB9284600F05DF8224601462846C6
:10B56000BDE8384000F044B8012B0AD0591C03D183
:10B57000162303600120E6E7002142F8241020464C
:10B5800098470020DFE70000024B01461868FFF7EC
:10B59000D1BF00BFF0050020144B1B68834270B57B
:10B5A000044622D0436C53B10025636C5959B1B99C
:10B5B0000435802DF9D1616C204600F029F9A16B8A
:10B5C00011B1204600F024F9E16C11B1204600F0E1
:10B5D0001FF9636B4BB12046BDE8704018470E68F9
:10B5E000204600F015F93146E1E770BDF005002076
:10B5F00038B5074D00230446084611462B60F6F780
:10B60000BBFE431C02D12B6803B1236038BD00BFD1
:10B610000C6E0020F6F7AEBE38B5064D002304468A
:10B6200008462B60F6F7B6FE431C02D12B6803B127
:10B63000236038BD0C6E0020014B1868704700BFB6
:10B64000F005002070B50D4D0D4C641BA4100026B4
:10B65000A64209D10B4D0C4C00F0AEF9641BA410AE
:10B660000026A64205D170BD55F8043B9847013627
:10B67000EEE755F8043B98470136F2E7C0C10008F1
:10B68000C0C10008C0C10008DCC100087047704795
:10B69000082808B506D0FFF7CFFF162303604FF048
:10B6A000FF3008BD8020FCE70A44914200F1FF33DF
:10B6B00000D1704710B511F8014B03F8014F9142CA
:10B6C000F9D110BD2DE9F047DFF874A00646DAF88D
:10B6D000000098460F469146FFF7D8FF164B1C68AE
:10B6E0000CB9164C1C606568DAF800001F2D05DDEA
:10B6F000FFF7CDFF4FF0FF30BDE8F0879EB104EBC0
:10B7000085010122C1F88890D4F88831AA401343FA
:10B71000C4F88831022EC1F8088102BFD4F88C31F8
:10B720001343C4F88C316B1C0235636044F82570F8
:10B73000FFF7ADFF0020DFE7A46F0020146E0020AC
:10B7400018070020024B13B1024800F005B87047FB
:10B750000000000091B90008002301461A4618466F
:10B76000FFF7B0BF2DE9F843064608208946FFF7EA
:10B770008FFF244F80463046FFF7C2FEBB685D68EE
:10B7800025F00305A5F11104A4EB09044444B4FB1E
:10B79000F8F4013C08FB04F4A04505DD3046FFF752
:10B7A000B5FE0020BDE8F88300213046FFF734FFE6
:10B7B000BB682B449842F1D161423046FFF72CFF21
:10B7C000013010D100213046FFF726FFBA68831AF6
:10B7D0000F2BE3DD0C490968401A0C4943F00103C3
:10B7E00008605360DAE7BB68084A2D1B45F0010585
:10B7F0005D60136830461B1B1360FFF787FE012056
:10B80000D0E700BFE8010020E0010020A86C002084
:10B81000F8B504460F46002900F0B180FFF770FE2E
:10B8200057F8042C564D22F00100A7F1080303EB52
:10B83000000CA968DCF80460614526F0030602F0FC
:10B8400001021BD106443AB957F8082C9B1A16443A
:10B85000D3E90212CA60916046F001025A60AB60FF
:10B86000484B1B68B34204D8474B20461968FFF782
:10B8700079FF2046BDE8F840FFF748BECCF80460E9
:10B88000002A38D157F8081C5B1A0844996805F15A
:10B890000807B94231D0DF68CF60B9600CEB060110
:10B8A0004968C9070BD4DCF8081030443ABB374E5E
:10B8B000B14224D1C5E90433C3E90211012240F0A9
:10B8C000010159601850002AD3D1B0F5007F1BD276
:10B8D000C208012140098140686801320143696062
:10B8E00055F8320005EBC2010839C3E9020145F8F9
:10B8F0003230C360BDE70022D0E70122CEE7DCF89A
:10B900000C60CE60B160DAE7B0F5206F4FEA5022EC
:10B9100014D282093832511C05EBC20655F8311099
:10B920008E4225D10120921000FA02F2686802438B
:10B930006A60C3E90216B360CB609AE7142A01D8A3
:10B940005B32E8E7542A02D8020B6E32E3E7B2F525
:10B95000AA7F02D8C20B7732DDE740F254518A4207
:10B960009ABF820C7C327E22D5E789688E4204D051
:10B970004A6822F003028242F7D8CE68D9E7F8BDC0
:10B98000E8010020E4010020D06C0020F00100203C
:10B9900038B5074D074C641BA4101CB9BDE83840EE
:10B9A00000F010B8013C55F824309847F5E700BF87
:10B9B000DCC10008E0C10008F8B500BFF8BC08BC55
:10B9C0009E467047F8B500BFF8BC08BC9E4670475D
:10B9D000CCBA000845A000080000000000000000EC
:10B9E000800000000000000000000000C0BA000855
:10B9F00061A100080000000000000000000100003C
:10BA00000000000000000000B4BA000849A10008CE
:10BA1000FDFF000000000000000200000000000028
:10BA200000000000A8BA0008ADA000080000000057
:10BA30000000000080000000000000000000000086
:10BA400000000041CDCCCC3E000000000000000012
:10BA500000803B4500401C46000000000000000044
:10BA6000000000006F12833A000000000000000098
:10BA7000000000000000AF43000020410000000073
:10BA800000409C450000C8420000E1430000000067
:10BA900000000000000000006F12833A0000000068
:10BAA00000000000000000005461736B5F4D3230F5
:10BAB000303600005461736B5F4D6F746F7200001D
:10BAC0005461736B5F555342000000005461736B07
:10BAD0005F44656275670000000000000102030416
:10BAE000000000000000000001020304060708092E
:10BAF000000610160006101649444C4500000000D0
:10BB000053544D3332205669727475616C20436F03
:10BB10006D506F72740000004369616C6C6F7E0041
:10BB200043444320436F6E666967000043444320EB
:10BB3000496E74657266616365000000356D6F74EF
:10BB40006F7200002CBD00083CBB000836646D34E9
:10BB5000333130008CBD00084CBB000844BB0008EA
:10BB60000000000044BB00080000000000000000CE
:10BB700000000000000000000000000000000000C5
:10BB800000000000000000000000000054BB00089E
:10BB9000018A0008958B000839880008158A00087A
:10BBA000DD8A000819910008999100083D88000875
:10BBB00031316D6F746F725F67726F757000000066
:10BBC0002CBD0008B0BB0008356D323030360000A7
:10BBD0008CBD0008C8BB000844BB000831316D3281
:10BBE0003030365F67726F75700000008CBD0008E2
:10BBF000DCBB0008C0BB000800000000C0BB0008A0
:10BC00000000000000000000000000000000000034
:10BC10000000000000000000000000000000000024
:10BC200000000000D0BB00082D94000839960008E1
:10BC30006B930008419400086B94000899940008E5
:10BC4000CB9400089999000800000000ECBB0008A4
:10BC500019940008599600086F930008A7930008EC
:10BC6000DF930008359A00086998000801950008DC
:10BC700034756172740000002CBD000870BC0008AF
:10BC8000313172656D6F74655F647231360000002A
:10BC90008CBD000880BC000878BC000800000000D3
:10BCA00078BC000800000000000000000000000058
:10BCB0000000000000000000000000000000000084
:10BCC00000000000000000000000000090BC000820
:10BCD000A59D0008D99D0008BD9C0008B99D0008DD
:10BCE000CF9C0008DD9C0008E79C0008D39C00085E
:10BCF000F19C00084E31305F5F637878616269764D
:10BD00003131375F5F636C6173735F747970655F46
:10BD1000696E666F450000008CBD0008F4BC000829
:10BD2000C0BD00080000000018BD00086DA200089A
:10BD300081A200084DA400084DA40008FDA200083F
:10BD40002DA20008E1A200089DA2000861A200083F
:10BD50004E31305F5F637878616269763132305F8F
:10BD60005F73695F636C6173735F747970655F693A
:10BD70006E666F45000000008CBD000850BD0008D5
:10BD800018BD00080000000078BD00082DA30008C1
:10BD900041A300084DA400084DA40008FDA200081E
:10BDA0002DA200081DA4000899A300085DA30008A7
:10BDB000537439747970655F696E666F00000000B6
:10BDC0002CBD0008B0BD0008FB21F93FFB21094054
:10BDD0007CD91240FB2119407A6A1F407CD922404D
:10BDE000BBFD2540FB2129403A462C407A6A2F4072
:10BDF0005C4731407CD932409C6B3440BBFD3540C0
:10BE0000DB8F3740FB2139401BB43A403A463C4077
:10BE10005AD83D407A6A3F404C7E40405C474140A2
:10BE20006C1042407CD942408CA243409C6B444001
:10BE3000AC344540BBFD4540CBC64640DB8F474058
:10BE4000EB584840FB21494083F9A200444E6E0064
:10BE5000FC291500D1572700DD34F50062DBC00056
:10BE60003C999500419043006351FE00BBDEAB005E
:10BE7000B761C5003A6E2400D24D42004906E00089
:10BE800009EA2E001C92D100EB1DFE0029B11C0016
:10BE9000E83EA700F535820044BB2E009CE98400F3
:10BEA000B4267000417E5F00D6913900538339007B
:10BEB0009CF439008B5F840028F9BD00F81F3B001B
:10BEC000DEFF97000F980500112FEF000A5A8B0034
:10BED0006D1F6D00CF7E360009CB2700464FB7009F
:10BEE0009E663F002DEA5F00BA277500E5EBC700AC
:10BEF0003D7BF100F739070092528A00FB6BEA00A4
:10BF00001FB15F00085D8D00300356007BFC4600CA
:10BF1000F0AB6B0020BCCF0036F49A00E3A91D0003
:10BF20005E619100081BE60085996500A0145F0022
:10BF30008D40680080D8FF0027734D000606310051
:10BF4000CA561500C9A873007BE260006B8CC00064
:10BF500000000040FB21F93F000000002D44743E2A
:10BF6000000000809846F83C0000006051CC783B0F
:10BF700000000080831BF0390000004020257A3843
:10BF8000000000802282E336000000001DF36935C6
:10BF90000200000003000000040000000600000092
:10BFA00008B10181B0B000840000000080C90181A7
:10BFB000B0AD08B10000000008B10181B0B000844C
:10BFC0000000000008B10181B0B000840000000052
:10BFD000CC4BFF7F01000000204FFF7FB0A9028003
:10BFE000AC4FFF7FB0B0A880FC4FFF7F0100000086
:10BFF0000850FF7FB0B0AA803C50FF7FAE71B28086
:10C000000851FF7F010000000451FF7FAB3F3880E3
:10C010006451FF7F010000006C51FF7FB0B0AA8027
:10C02000A851FF7F010000005452FF7FAA0DB2808B
:10C03000D052FF7FB0AF08806055FF7F0100000045
:10C040006455FF7FAD3F02800458FF7F0100000070
:10C05000E059FF7F00840480F459FF7F0100000055
:10C06000F059FF7FB0AD0480BC5CFF7FB0A80380B7
:10C07000E05CFF7F44FFFF7FE45CFF7F48FFFF7FC2
:10C08000F05CFF7F010000003CC5FF7FB0A90A8083
:10C09000CCC5FF7F01000000D8C5FF7FA908B18093
:10C0A000F4C5FF7FB0A9088044C6FF7FB0AA058011
:10C0B000B0C6FF7FECFEFF7FC4C6FF7F010000001B
:10C0C000CCC6FF7FB0B0A88070C7FF7F0100000022
:10C0D00044C9FF7FB0AA0180BCCAFF7F01000000F5
:10C0E000ECCCFF7FB0AA0180E4CEFF7FB0A8018036
:10C0F00028D0FF7FA908B18020D1FF7F0100000078
:10C10000C0D1FF7FB0A8018010D2FF7FA908B18005
:10C110004CD2FF7F0100000028D3FF7FA908B18027
:10C12000E0D3FF7FB0A9028010D5FF7F010000009F
:10C1300034D9FF7FB0A90480DCDAFF7FAD08B1807D
:10C1400034DBFF7F010000003CDBFF7FB0B0AA8042
:10C150006CDBFF7F0100000060DCFF7FA908B1807D
:10C1600078DCFF7F0100000068DDFF7FB0AE01805A
:10C170004EDEFF7F01000000CCDEFF7FA908B1800A
:10C180002CDFFF7FB0A81B80C0DFFF7F0084028010
:10C19000D0DFFF7F18FEFF7F88E0FF7F01000000F7
:10C1A0008CE0FF7FB0AA0380B8E0FF7F01000000B1
:10C1B0006CE2FF7FB0B0AC8090E2FF7F0100000036
:10C1C00045B70008B50100087D8700088192000886
:0CC1D0005D930008759C00084D9E00085F
:04C1DC0091010008C5
:10C1E000000000000024F400010000001000000026
:10C1F00009024300020100C03209040000010202EA
:10C20000010005240010010524010001042402029C
:10C210000524060001070582030800100904010037
:10C22000020A000000070501024000000705810224
:10C2300040000000E36200087F62000865610008BA
:10C24000000000008D5F0008E9600008B160000890
:10C25000000000000000000000000000696000080D
:10C2600021600008D95F0008CD5F00080A060002BF
:10C270000000004001000000AAAAAAAAF57F000859
:10C28000C57F0008C97F0008D17F0008CD7F000866
:10C290001A03000000000000000000000000000081
:10C2A000000000000000000000000000040309047A
:10C2B0001201000202020040830440570002010202
:10C2C000030100005D800008698000082D810008DE
:10C2D00009810008F5800008498100086D81000887
:10C2E000D0BC0008000000000000000000000000BA
:10C2F000000000000000000000000000000000003E
:10C30000000000000000000000000000000000002D
:10C31000000000000000000000000000000000001D
:10C32000000000000000000000000000000000000D
:10C3300000000000000000000000000000000000FD
:10C3400000000000000000000000000000000000ED
:10C35000000000000000000040000000000000009D
:10C3600000000000000000000000000000000000CD
:10C3700000000000000000000000000000000000BD
:10C3800000000000000000000000000000000000AD
:10C390000000000000000000000040007300A0004A
:10C3A0000000000000000000000000006500000028
:10C3B0007300B000000000000000000065000000F5
:10C3C000FFFFFFFF0000020000000000000000006F
:10C3D000E8010020E8010020F0010020F001002029
:10C3E000F8010020F80100200002002000020020D7
:10C3F0000802002008020020100200201002002085
:10C400001802002018020020200200202002002034
:10C4100028020020280200203002002030020020E4
:10C420003802002038020020400200204002002094
:10C430004802002048020020500200205002002044
:10C4400058020020580200206002002060020020F4
:10C4500068020020680200207002002070020020A4
:10C460007802002078020020800200208002002054
:10C470008802002088020020900200209002002004
:10C480009802002098020020A0020020A0020020B4
:10C49000A8020020A8020020B0020020B002002064
:10C4A000B8020020B8020020C0020020C002002014
:10C4B000C8020020C8020020D0020020D0020020C4
:10C4C000D8020020D8020020E0020020E002002074
:10C4D000E8020020E8020020F0020020F002002024
:10C4E000F8020020F80200200003002000030020D2
:10C4F0000803002008030020100300201003002080
:10C50000180300201803002020030020200300202F
:10C5100028030020280300203003002030030020DF
:10C52000380300203803002040030020400300208F
:10C53000480300204803002050030020500300203F
:10C5400058030020580300206003002060030020EF
:10C55000680300206803002070030020700300209F
:10C56000780300207803002080030020800300204F
:10C5700088030020880300209003002090030020FF
:10C580009803002098030020A0030020A0030020AF
:10C59000A8030020A8030020B0030020B00300205F
:10C5A000B8030020B8030020C0030020C00300200F
:10C5B000C8030020C8030020D0030020D0030020BF
:10C5C000D8030020D8030020E0030020E00300206F
:10C5D000E8030020E8030020F0030020F00300201F
:10C5E000F8030020F80300200004002000040020CD
:10C5F000080400200804002010040020100400207B
:10C60000180400201804002020040020200400202A
:10C6100028040020280400203004002030040020DA
:10C62000380400203804002040040020400400208A
:10C63000480400204804002050040020500400203A
:10C6400058040020580400206004002060040020EA
:10C65000680400206804002070040020700400209A
:10C66000780400207804002080040020800400204A
:10C6700088040020880400209004002090040020FA
:10C680009804002098040020A0040020A0040020AA
:10C69000A8040020A8040020B0040020B00400205A
:10C6A000B8040020B8040020C0040020C00400200A
:10C6B000C8040020C8040020D0040020D0040020BA
:10C6C000D8040020D8040020E0040020E00400206A
:10C6D000E8040020E8040020F0040020F00400201A
:10C6E000F8040020F80400200005002000050020C8
:10C6F0000805002008050020100500201005002076
:10C700001805002018050020200500202005002025
:10C7100028050020280500203005002030050020D5
:10C720003805002038050020400500204005002085
:10C730004805002048050020500500205005002035
:10C7400058050020580500206005002060050020E5
:10C750006805002068050020700500207005002095
:10C760007805002078050020800500208005002045
:10C7700088050020880500209005002090050020F5
:10C780009805002098050020A0050020A0050020A5
:10C79000A8050020A8050020B0050020B005002055
:10C7A000B8050020B8050020C0050020C005002005
:10C7B000C8050020C8050020D0050020D0050020B5
:10C7C000D8050020D8050020E0050020E005002065
:10C7D000F80500200000000000000000D46C0020DC
:10C7E0003C6D0020A46D002000000000000000004F
:10C7F0000000000000000000000000000000000039
:10C800000000000000000000000000000000000028
:10C810000000000000000000000000000000000018
:10C820000000000000000000000000000000000008
:10C8300000000000000000000000000000000000F8
:10C8400000000000000000000000000000000000E8
:10C8500000000000000000000000000000000000D8
:10C8600000000000000000000000000000000000C8
:10C8700001000000000000000E33CDAB34126DE665
:10C88000ECDE05000B0000000000000000000000CE
:10C890000000000000000000000000000000000098
:10C8A0000000000000000000000000000000000088
:10C8B0000000000000000000000000000000000078
:10C8C0000000000000000000000000000000000068
:10C8D0000000000000000000000000000000000058
:10C8E0000000000000000000000000000000000048
:0CC8F0000000000000000000116E00209D
:04000005080025D1F9
:00000001FF
